model	md5	caprieval_rank	score	irmsd	fnat	lrmsd	ilrmsd	dockq	rmsd	cluster_id	cluster_ranking	model-cluster_ranking
../0_topoaa/seed-371_sample-4_from_7rfb_ensemble_1_haddock.pdb	-	1		11.85	0.138	27.028	21.223	0.081	12.709	-	-	-
../0_topoaa/seed-891_sample-0_from_7rfb_ensemble_2_haddock.pdb	-	2		10.004	0.017	24.461	16.779	0.049	9.887	-	-	-
../0_topoaa/seed-891_sample-4_from_7rfb_ensemble_11_haddock.pdb	-	3		12.973	0.0	25.49	21.772	0.038	14.462	-	-	-
../0_topoaa/seed-564_sample-3_from_7rfb_ensemble_12_haddock.pdb	-	4		10.661	0.0	27.932	14.803	0.035	12.35	-	-	-
../0_topoaa/seed-371_sample-0_from_7rfb_ensemble_13_haddock.pdb	-	5		11.962	0.103	22.188	19.899	0.082	11.527	-	-	-
../0_topoaa/seed-96_sample-1_from_7rfb_ensemble_14_haddock.pdb	-	6		12.553	0.155	34.08	23.794	0.076	13.499	-	-	-
../0_topoaa/seed-371_sample-2_from_7rfb_ensemble_15_haddock.pdb	-	7		12.137	0.138	28.374	21.668	0.078	11.912	-	-	-
../0_topoaa/seed-96_sample-3_from_7rfb_ensemble_16_haddock.pdb	-	8		12.785	0.103	30.852	23.708	0.063	12.549	-	-	-
../0_topoaa/seed-564_sample-1_from_7rfb_ensemble_17_haddock.pdb	-	9		15.972	0.0	26.615	28.276	0.034	19.256	-	-	-
../0_topoaa/seed-963_sample-1_from_7rfb_ensemble_18_haddock.pdb	-	10		11.359	0.172	28.882	22.293	0.09	13.29	-	-	-
../0_topoaa/seed-891_sample-1_from_7rfb_ensemble_19_haddock.pdb	-	11		6.528	0.207	21.226	13.704	0.132	7.746	-	-	-
../0_topoaa/seed-96_sample-4_from_7rfb_ensemble_20_haddock.pdb	-	12		13.334	0.121	31.834	23.207	0.067	14.801	-	-	-
../0_topoaa/seed-564_sample-0_from_7rfb_ensemble_3_haddock.pdb	-	13		15.944	0.0	28.394	28.522	0.03	19.239	-	-	-
../0_topoaa/seed-371_sample-1_from_7rfb_ensemble_21_haddock.pdb	-	14		16.463	0.0	30.893	27.488	0.026	20.323	-	-	-
../0_topoaa/seed-96_sample-0_from_7rfb_ensemble_22_haddock.pdb	-	15		12.698	0.155	29.566	22.887	0.082	12.357	-	-	-
../0_topoaa/seed-963_sample-2_from_7rfb_ensemble_23_haddock.pdb	-	16		16.156	0.0	27.982	28.623	0.031	19.458	-	-	-
../0_topoaa/seed-564_sample-2_from_7rfb_ensemble_24_haddock.pdb	-	17		15.938	0.0	27.795	28.042	0.031	19.555	-	-	-
../0_topoaa/seed-891_sample-2_from_7rfb_ensemble_25_haddock.pdb	-	18		10.465	0.0	19.019	17.687	0.062	11.704	-	-	-
../0_topoaa/seed-963_sample-0_from_7rfb_ensemble_4_haddock.pdb	-	19		8.977	0.086	24.729	19.752	0.073	10.717	-	-	-
../0_topoaa/seed-371_sample-3_from_7rfb_ensemble_5_haddock.pdb	-	20		10.428	0.0	23.426	15.47	0.046	11.943	-	-	-
../0_topoaa/seed-96_sample-2_from_7rfb_ensemble_6_haddock.pdb	-	21		16.185	0.0	29.321	28.773	0.029	19.881	-	-	-
../0_topoaa/seed-891_sample-3_from_7rfb_ensemble_7_haddock.pdb	-	22		8.223	0.19	17.167	14.953	0.14	8.828	-	-	-
../0_topoaa/seed-564_sample-4_from_7rfb_ensemble_8_haddock.pdb	-	23		9.524	0.034	26.569	14.145	0.051	11.033	-	-	-
../0_topoaa/seed-963_sample-4_from_7rfb_ensemble_9_haddock.pdb	-	24		12.718	0.138	32.48	23.821	0.072	12.894	-	-	-
../0_topoaa/seed-963_sample-3_from_7rfb_ensemble_10_haddock.pdb	-	25		10.103	0.0	20.176	17.72	0.057	11.993	-	-	-
../0_topoaa/seed-404_sample-2_from_7phu_ensemble_1_haddock.pdb	-	1		23.603	0.0	39.217	47.286	0.016	23.538	-	-	-
../0_topoaa/seed-688_sample-0_from_7phu_ensemble_2_haddock.pdb	-	2		13.128	0.0	48.406	28.928	0.014	15.13	-	-	-
../0_topoaa/seed-758_sample-2_from_7phu_ensemble_11_haddock.pdb	-	3		24.701	0.0	44.312	59.054	0.013	26.874	-	-	-
../0_topoaa/seed-688_sample-4_from_7phu_ensemble_12_haddock.pdb	-	4		13.384	0.0	49.73	28.855	0.014	15.387	-	-	-
../0_topoaa/seed-414_sample-4_from_7phu_ensemble_13_haddock.pdb	-	5		13.55	0.0	49.961	30.273	0.013	15.77	-	-	-
../0_topoaa/seed-4_sample-1_from_7phu_ensemble_14_haddock.pdb	-	6		22.887	0.0	57.108	53.515	0.009	23.772	-	-	-
../0_topoaa/seed-758_sample-0_from_7phu_ensemble_15_haddock.pdb	-	7		24.997	0.0	57.912	50.261	0.008	26.294	-	-	-
../0_topoaa/seed-404_sample-4_from_7phu_ensemble_16_haddock.pdb	-	8		24.001	0.0	45.592	53.835	0.012	24.967	-	-	-
../0_topoaa/seed-404_sample-3_from_7phu_ensemble_17_haddock.pdb	-	9		24.921	0.0	44.059	53.468	0.013	23.516	-	-	-
../0_topoaa/seed-688_sample-1_from_7phu_ensemble_18_haddock.pdb	-	10		13.315	0.0	48.739	27.969	0.014	15.47	-	-	-
../0_topoaa/seed-414_sample-3_from_7phu_ensemble_19_haddock.pdb	-	11		13.135	0.0	48.726	29.077	0.014	15.503	-	-	-
../0_topoaa/seed-4_sample-2_from_7phu_ensemble_20_haddock.pdb	-	12		24.815	0.0	50.242	61.201	0.01	21.812	-	-	-
../0_topoaa/seed-414_sample-2_from_7phu_ensemble_3_haddock.pdb	-	13		13.26	0.0	49.854	29.196	0.014	15.447	-	-	-
../0_topoaa/seed-758_sample-3_from_7phu_ensemble_21_haddock.pdb	-	14		24.613	0.0	48.164	61.568	0.011	22.417	-	-	-
../0_topoaa/seed-688_sample-2_from_7phu_ensemble_22_haddock.pdb	-	15		13.416	0.0	49.432	29.862	0.014	15.563	-	-	-
../0_topoaa/seed-758_sample-4_from_7phu_ensemble_23_haddock.pdb	-	16		23.673	0.0	48.778	64.142	0.011	21.3	-	-	-
../0_topoaa/seed-404_sample-0_from_7phu_ensemble_24_haddock.pdb	-	17		24.427	0.0	52.721	52.476	0.01	22.995	-	-	-
../0_topoaa/seed-414_sample-0_from_7phu_ensemble_25_haddock.pdb	-	18		13.647	0.0	51.373	30.366	0.013	15.461	-	-	-
../0_topoaa/seed-4_sample-0_from_7phu_ensemble_4_haddock.pdb	-	19		25.704	0.0	67.284	67.588	0.006	21.341	-	-	-
../0_topoaa/seed-758_sample-1_from_7phu_ensemble_5_haddock.pdb	-	20		24.254	0.0	45.985	57.418	0.012	27.098	-	-	-
../0_topoaa/seed-688_sample-3_from_7phu_ensemble_6_haddock.pdb	-	21		13.079	0.0	47.496	28.555	0.015	15.271	-	-	-
../0_topoaa/seed-404_sample-1_from_7phu_ensemble_7_haddock.pdb	-	22		23.783	0.0	43.542	56.278	0.014	26.845	-	-	-
../0_topoaa/seed-4_sample-4_from_7phu_ensemble_8_haddock.pdb	-	23		24.989	0.0	50.73	49.791	0.01	27.064	-	-	-
../0_topoaa/seed-414_sample-1_from_7phu_ensemble_9_haddock.pdb	-	24		13.324	0.0	49.17	29.529	0.014	15.467	-	-	-
../0_topoaa/seed-4_sample-3_from_7phu_ensemble_10_haddock.pdb	-	25		26.814	0.0	58.959	66.792	0.008	22.92	-	-	-
../0_topoaa/seed-34_sample-0_from_7bnv_ensemble_1_haddock.pdb	-	1		15.062	0.0	33.628	32.624	0.023	15.6	-	-	-
../0_topoaa/seed-28_sample-2_from_7bnv_ensemble_2_haddock.pdb	-	2		5.226	0.3	16.727	9.001	0.194	6.015	-	-	-
../0_topoaa/seed-551_sample-1_from_7bnv_ensemble_11_haddock.pdb	-	3		5.074	0.3	14.692	7.773	0.21	5.608	-	-	-
../0_topoaa/seed-551_sample-3_from_7bnv_ensemble_12_haddock.pdb	-	4		5.086	0.325	14.739	7.111	0.218	5.711	-	-	-
../0_topoaa/seed-21_sample-0_from_7bnv_ensemble_13_haddock.pdb	-	5		5.199	0.3	15.512	8.238	0.203	5.832	-	-	-
../0_topoaa/seed-28_sample-4_from_7bnv_ensemble_14_haddock.pdb	-	6		5.147	0.375	14.757	9.26	0.234	5.467	-	-	-
../0_topoaa/seed-717_sample-3_from_7bnv_ensemble_15_haddock.pdb	-	7		13.034	0.0	24.859	25.697	0.039	14.403	-	-	-
../0_topoaa/seed-717_sample-4_from_7bnv_ensemble_16_haddock.pdb	-	8		5.167	0.375	14.954	9.283	0.232	5.488	-	-	-
../0_topoaa/seed-34_sample-1_from_7bnv_ensemble_17_haddock.pdb	-	9		13.277	0.0	31.452	26.61	0.027	16.996	-	-	-
../0_topoaa/seed-28_sample-3_from_7bnv_ensemble_18_haddock.pdb	-	10		5.119	0.3	15.454	7.717	0.204	5.814	-	-	-
../0_topoaa/seed-551_sample-4_from_7bnv_ensemble_19_haddock.pdb	-	11		5.248	0.25	15.825	7.256	0.183	6.024	-	-	-
../0_topoaa/seed-551_sample-0_from_7bnv_ensemble_20_haddock.pdb	-	12		12.869	0.0	24.686	24.144	0.04	14.488	-	-	-
../0_topoaa/seed-21_sample-1_from_7bnv_ensemble_3_haddock.pdb	-	13		5.134	0.325	15.346	7.772	0.213	5.826	-	-	-
../0_topoaa/seed-21_sample-3_from_7bnv_ensemble_21_haddock.pdb	-	14		5.191	0.325	16.773	8.045	0.202	6.211	-	-	-
../0_topoaa/seed-717_sample-0_from_7bnv_ensemble_22_haddock.pdb	-	15		13.292	0.0	24.608	27.552	0.04	14.25	-	-	-
../0_topoaa/seed-34_sample-2_from_7bnv_ensemble_23_haddock.pdb	-	16		5.142	0.325	14.627	8.628	0.219	5.5	-	-	-
../0_topoaa/seed-28_sample-0_from_7bnv_ensemble_24_haddock.pdb	-	17		5.262	0.275	15.401	9.363	0.195	5.775	-	-	-
../0_topoaa/seed-21_sample-4_from_7bnv_ensemble_25_haddock.pdb	-	18		5.153	0.3	14.24	7.873	0.214	5.579	-	-	-
../0_topoaa/seed-717_sample-2_from_7bnv_ensemble_4_haddock.pdb	-	19		17.536	0.0	30.617	29.117	0.026	19.943	-	-	-
../0_topoaa/seed-551_sample-2_from_7bnv_ensemble_5_haddock.pdb	-	20		12.46	0.0	31.932	25.903	0.027	16.173	-	-	-
../0_topoaa/seed-34_sample-3_from_7bnv_ensemble_6_haddock.pdb	-	21		14.035	0.0	28.49	27.779	0.031	15.676	-	-	-
../0_topoaa/seed-28_sample-1_from_7bnv_ensemble_7_haddock.pdb	-	22		5.264	0.3	16.088	9.251	0.198	5.891	-	-	-
../0_topoaa/seed-21_sample-2_from_7bnv_ensemble_8_haddock.pdb	-	23		5.205	0.25	15.75	7.989	0.184	6.085	-	-	-
../0_topoaa/seed-717_sample-1_from_7bnv_ensemble_9_haddock.pdb	-	24		5.149	0.325	15.231	8.501	0.214	5.736	-	-	-
../0_topoaa/seed-34_sample-4_from_7bnv_ensemble_10_haddock.pdb	-	25		5.27	0.3	15.185	9.307	0.205	5.759	-	-	-
../0_topoaa/seed-442_sample-0_from_7np1_ensemble_1_haddock.pdb	-	1		14.651	0.033	43.657	26.424	0.027	13.58	-	-	-
../0_topoaa/seed-859_sample-2_from_7np1_ensemble_2_haddock.pdb	-	2		21.133	0.0	40.376	42.799	0.016	23.343	-	-	-
../0_topoaa/seed-825_sample-3_from_7np1_ensemble_11_haddock.pdb	-	3		14.325	0.066	44.12	26.351	0.037	13.536	-	-	-
../0_topoaa/seed-574_sample-2_from_7np1_ensemble_12_haddock.pdb	-	4		20.083	0.0	34.797	37.774	0.021	23.094	-	-	-
../0_topoaa/seed-442_sample-4_from_7np1_ensemble_13_haddock.pdb	-	5		9.922	0.016	29.192	23.19	0.039	13.211	-	-	-
../0_topoaa/seed-859_sample-4_from_7np1_ensemble_14_haddock.pdb	-	6		20.716	0.0	37.209	39.691	0.018	23.125	-	-	-
../0_topoaa/seed-825_sample-1_from_7np1_ensemble_15_haddock.pdb	-	7		15.075	0.033	44.118	26.502	0.026	14.394	-	-	-
../0_topoaa/seed-574_sample-0_from_7np1_ensemble_16_haddock.pdb	-	8		10.659	0.0	31.979	25.326	0.028	13.391	-	-	-
../0_topoaa/seed-39_sample-2_from_7np1_ensemble_17_haddock.pdb	-	9		20.899	0.0	33.637	38.276	0.022	22.025	-	-	-
../0_topoaa/seed-442_sample-1_from_7np1_ensemble_18_haddock.pdb	-	10		20.624	0.0	37.976	40.498	0.018	23.109	-	-	-
../0_topoaa/seed-859_sample-3_from_7np1_ensemble_19_haddock.pdb	-	11		20.391	0.0	35.923	37.926	0.019	23.153	-	-	-
../0_topoaa/seed-825_sample-2_from_7np1_ensemble_20_haddock.pdb	-	12		14.294	0.066	42.338	25.792	0.038	13.479	-	-	-
../0_topoaa/seed-39_sample-4_from_7np1_ensemble_3_haddock.pdb	-	13		22.156	0.0	42.114	45.431	0.015	22.922	-	-	-
../0_topoaa/seed-574_sample-3_from_7np1_ensemble_21_haddock.pdb	-	14		10.343	0.0	32.185	17.674	0.029	16.419	-	-	-
../0_topoaa/seed-39_sample-1_from_7np1_ensemble_22_haddock.pdb	-	15		20.23	0.0	36.464	37.679	0.019	23.01	-	-	-
../0_topoaa/seed-442_sample-2_from_7np1_ensemble_23_haddock.pdb	-	16		20.44	0.0	36.698	39.397	0.019	22.844	-	-	-
../0_topoaa/seed-574_sample-4_from_7np1_ensemble_24_haddock.pdb	-	17		11.676	0.0	42.405	31.907	0.018	14.036	-	-	-
../0_topoaa/seed-859_sample-0_from_7np1_ensemble_25_haddock.pdb	-	18		21.078	0.0	39.181	41.691	0.017	22.936	-	-	-
../0_topoaa/seed-39_sample-3_from_7np1_ensemble_4_haddock.pdb	-	19		11.073	0.0	29.768	17.781	0.031	17.816	-	-	-
../0_topoaa/seed-825_sample-0_from_7np1_ensemble_5_haddock.pdb	-	20		14.759	0.033	41.966	25.88	0.027	13.676	-	-	-
../0_topoaa/seed-574_sample-1_from_7np1_ensemble_6_haddock.pdb	-	21		10.271	0.0	31.336	24.903	0.03	13.879	-	-	-
../0_topoaa/seed-442_sample-3_from_7np1_ensemble_7_haddock.pdb	-	22		15.899	0.0	40.796	27.886	0.017	21.204	-	-	-
../0_topoaa/seed-859_sample-1_from_7np1_ensemble_8_haddock.pdb	-	23		14.347	0.049	43.467	26.15	0.032	13.579	-	-	-
../0_topoaa/seed-825_sample-4_from_7np1_ensemble_9_haddock.pdb	-	24		14.436	0.033	42.44	25.614	0.027	13.975	-	-	-
../0_topoaa/seed-39_sample-0_from_7np1_ensemble_10_haddock.pdb	-	25		13.061	0.049	46.471	27.544	0.032	12.528	-	-	-
../0_topoaa/seed-43_sample-0_from_7dk2_ensemble_1_haddock.pdb	-	1		15.632	0.0	27.052	32.633	0.033	13.278	-	-	-
../0_topoaa/seed-482_sample-2_from_7dk2_ensemble_2_haddock.pdb	-	2		18.452	0.0	36.112	40.538	0.02	19.329	-	-	-
../0_topoaa/seed-43_sample-4_from_7dk2_ensemble_11_haddock.pdb	-	3		12.914	0.0	39.685	25.011	0.019	14.555	-	-	-
../0_topoaa/seed-166_sample-3_from_7dk2_ensemble_12_haddock.pdb	-	4		5.152	0.19	22.898	14.897	0.13	5.815	-	-	-
../0_topoaa/seed-246_sample-2_from_7dk2_ensemble_13_haddock.pdb	-	5		5.229	0.119	34.529	17.317	0.084	7.105	-	-	-
../0_topoaa/seed-246_sample-0_from_7dk2_ensemble_14_haddock.pdb	-	6		8.466	0.167	44.326	25.946	0.078	9.209	-	-	-
../0_topoaa/seed-166_sample-1_from_7dk2_ensemble_15_haddock.pdb	-	7		15.123	0.0	43.629	31.747	0.015	16.018	-	-	-
../0_topoaa/seed-275_sample-2_from_7dk2_ensemble_16_haddock.pdb	-	8		12.173	0.095	46.482	29.698	0.048	12.674	-	-	-
../0_topoaa/seed-482_sample-4_from_7dk2_ensemble_17_haddock.pdb	-	9		11.733	0.048	40.154	30.724	0.036	13.557	-	-	-
../0_topoaa/seed-482_sample-3_from_7dk2_ensemble_18_haddock.pdb	-	10		6.375	0.167	39.64	20.335	0.088	10.018	-	-	-
../0_topoaa/seed-43_sample-1_from_7dk2_ensemble_19_haddock.pdb	-	11		9.425	0.024	20.476	22.371	0.065	9.064	-	-	-
../0_topoaa/seed-166_sample-2_from_7dk2_ensemble_20_haddock.pdb	-	12		11.196	0.048	37.507	29.573	0.038	12.508	-	-	-
../0_topoaa/seed-275_sample-4_from_7dk2_ensemble_3_haddock.pdb	-	13		19.374	0.0	42.212	45.518	0.015	20.971	-	-	-
../0_topoaa/seed-246_sample-3_from_7dk2_ensemble_21_haddock.pdb	-	14		11.559	0.0	40.454	30.278	0.02	13.614	-	-	-
../0_topoaa/seed-275_sample-1_from_7dk2_ensemble_22_haddock.pdb	-	15		12.737	0.048	42.316	28.874	0.033	13.438	-	-	-
../0_topoaa/seed-482_sample-0_from_7dk2_ensemble_23_haddock.pdb	-	16		5.2	0.238	21.874	14.319	0.149	5.633	-	-	-
../0_topoaa/seed-246_sample-4_from_7dk2_ensemble_24_haddock.pdb	-	17		11.278	0.19	57.359	32.521	0.076	12.79	-	-	-
../0_topoaa/seed-43_sample-2_from_7dk2_ensemble_25_haddock.pdb	-	18		18.616	0.0	42.836	44.694	0.015	20.269	-	-	-
../0_topoaa/seed-275_sample-3_from_7dk2_ensemble_4_haddock.pdb	-	19		11.809	0.048	44.372	31.284	0.033	14.081	-	-	-
../0_topoaa/seed-246_sample-1_from_7dk2_ensemble_5_haddock.pdb	-	20		18.767	0.0	42.685	43.936	0.015	20.809	-	-	-
../0_topoaa/seed-166_sample-0_from_7dk2_ensemble_6_haddock.pdb	-	21		7.482	0.119	30.075	21.613	0.077	8.638	-	-	-
../0_topoaa/seed-166_sample-4_from_7dk2_ensemble_7_haddock.pdb	-	22		11.832	0.0	44.936	31.216	0.017	14.579	-	-	-
../0_topoaa/seed-43_sample-3_from_7dk2_ensemble_8_haddock.pdb	-	23		6.157	0.095	40.904	20.926	0.064	9.493	-	-	-
../0_topoaa/seed-482_sample-1_from_7dk2_ensemble_9_haddock.pdb	-	24		11.946	0.024	45.332	31.147	0.024	14.834	-	-	-
../0_topoaa/seed-275_sample-0_from_7dk2_ensemble_10_haddock.pdb	-	25		7.336	0.095	29.136	19.884	0.071	8.702	-	-	-
../0_topoaa/seed-579_sample-1_from_7ps2_ensemble_1_haddock.pdb	-	1		4.747	0.073	22.369	13.094	0.097	5.38	-	-	-
../0_topoaa/seed-305_sample-1_from_7ps2_ensemble_2_haddock.pdb	-	2		4.736	0.164	19.848	12.283	0.137	5.676	-	-	-
../0_topoaa/seed-684_sample-3_from_7ps2_ensemble_11_haddock.pdb	-	3		5.762	0.0	25.678	15.161	0.054	5.727	-	-	-
../0_topoaa/seed-760_sample-0_from_7ps2_ensemble_12_haddock.pdb	-	4		8.936	0.018	23.548	22.183	0.054	9.25	-	-	-
../0_topoaa/seed-305_sample-0_from_7ps2_ensemble_13_haddock.pdb	-	5		19.051	0.0	40.783	43.531	0.016	17.341	-	-	-
../0_topoaa/seed-781_sample-0_from_7ps2_ensemble_14_haddock.pdb	-	6		5.118	0.127	22.02	14.109	0.112	5.575	-	-	-
../0_topoaa/seed-579_sample-0_from_7ps2_ensemble_15_haddock.pdb	-	7		5.026	0.036	22.113	12.726	0.082	5.447	-	-	-
../0_topoaa/seed-684_sample-4_from_7ps2_ensemble_16_haddock.pdb	-	8		5.538	0.018	25.524	14.543	0.062	5.597	-	-	-
../0_topoaa/seed-684_sample-0_from_7ps2_ensemble_17_haddock.pdb	-	9		6.933	0.073	23.69	18.906	0.077	7.722	-	-	-
../0_topoaa/seed-760_sample-3_from_7ps2_ensemble_18_haddock.pdb	-	10		8.417	0.0	42.92	24.129	0.023	10.09	-	-	-
../0_topoaa/seed-579_sample-4_from_7ps2_ensemble_19_haddock.pdb	-	11		10.468	0.018	45.012	27.395	0.024	10.922	-	-	-
../0_topoaa/seed-305_sample-4_from_7ps2_ensemble_20_haddock.pdb	-	12		19.749	0.0	39.462	39.231	0.017	21.571	-	-	-
../0_topoaa/seed-781_sample-1_from_7ps2_ensemble_3_haddock.pdb	-	13		5.68	0.0	26.65	15.788	0.053	5.687	-	-	-
../0_topoaa/seed-781_sample-4_from_7ps2_ensemble_21_haddock.pdb	-	14		5.795	0.0	25.917	15.096	0.053	5.736	-	-	-
../0_topoaa/seed-781_sample-3_from_7ps2_ensemble_22_haddock.pdb	-	15		5.909	0.018	25.578	15.395	0.059	5.622	-	-	-
../0_topoaa/seed-305_sample-3_from_7ps2_ensemble_23_haddock.pdb	-	16		9.643	0.0	57.023	31.917	0.015	11.769	-	-	-
../0_topoaa/seed-579_sample-3_from_7ps2_ensemble_24_haddock.pdb	-	17		15.167	0.0	30.162	26.999	0.028	19.228	-	-	-
../0_topoaa/seed-760_sample-4_from_7ps2_ensemble_25_haddock.pdb	-	18		10.857	0.0	25.841	26.126	0.039	11.034	-	-	-
../0_topoaa/seed-684_sample-2_from_7ps2_ensemble_4_haddock.pdb	-	19		5.867	0.0	26.286	15.877	0.052	5.716	-	-	-
../0_topoaa/seed-760_sample-1_from_7ps2_ensemble_5_haddock.pdb	-	20		8.335	0.073	41.46	23.243	0.048	10.088	-	-	-
../0_topoaa/seed-579_sample-2_from_7ps2_ensemble_6_haddock.pdb	-	21		4.746	0.073	22.87	12.813	0.095	5.157	-	-	-
../0_topoaa/seed-781_sample-2_from_7ps2_ensemble_7_haddock.pdb	-	22		6.139	0.018	32.951	18.81	0.046	6.827	-	-	-
../0_topoaa/seed-305_sample-2_from_7ps2_ensemble_8_haddock.pdb	-	23		8.901	0.018	24.884	21.832	0.05	9.353	-	-	-
../0_topoaa/seed-684_sample-1_from_7ps2_ensemble_9_haddock.pdb	-	24		14.45	0.0	37.053	24.928	0.02	17.56	-	-	-
../0_topoaa/seed-760_sample-2_from_7ps2_ensemble_10_haddock.pdb	-	25		5.858	0.018	29.144	16.616	0.053	6.101	-	-	-
../0_topoaa/seed-476_sample-3_from_7pr0_ensemble_1_haddock.pdb	-	1		14.263	0.0	39.049	31.349	0.019	14.831	-	-	-
../0_topoaa/seed-475_sample-1_from_7pr0_ensemble_2_haddock.pdb	-	2		12.092	0.0	31.244	26.71	0.028	11.437	-	-	-
../0_topoaa/seed-246_sample-2_from_7pr0_ensemble_11_haddock.pdb	-	3		12.852	0.0	33.102	25.951	0.025	13.834	-	-	-
../0_topoaa/seed-37_sample-1_from_7pr0_ensemble_12_haddock.pdb	-	4		10.139	0.019	36.685	26.899	0.03	12.322	-	-	-
../0_topoaa/seed-246_sample-0_from_7pr0_ensemble_13_haddock.pdb	-	5		13.697	0.0	41.152	31.997	0.018	14.491	-	-	-
../0_topoaa/seed-37_sample-3_from_7pr0_ensemble_14_haddock.pdb	-	6		14.001	0.0	36.458	28.962	0.021	15.047	-	-	-
../0_topoaa/seed-476_sample-2_from_7pr0_ensemble_15_haddock.pdb	-	7		14.063	0.0	38.295	31.218	0.019	14.353	-	-	-
../0_topoaa/seed-475_sample-0_from_7pr0_ensemble_16_haddock.pdb	-	8		13.977	0.0	40.912	32.492	0.018	14.527	-	-	-
../0_topoaa/seed-37_sample-4_from_7pr0_ensemble_17_haddock.pdb	-	9		14.191	0.0	37.922	30.97	0.02	14.564	-	-	-
../0_topoaa/seed-262_sample-2_from_7pr0_ensemble_18_haddock.pdb	-	10		13.241	0.0	60.615	39.368	0.011	13.515	-	-	-
../0_topoaa/seed-37_sample-0_from_7pr0_ensemble_19_haddock.pdb	-	11		13.938	0.0	36.649	29.651	0.021	14.583	-	-	-
../0_topoaa/seed-246_sample-3_from_7pr0_ensemble_20_haddock.pdb	-	12		10.168	0.0	35.678	27.745	0.025	11.676	-	-	-
../0_topoaa/seed-262_sample-3_from_7pr0_ensemble_3_haddock.pdb	-	13		13.149	0.019	58.384	39.56	0.017	13.133	-	-	-
../0_topoaa/seed-475_sample-4_from_7pr0_ensemble_21_haddock.pdb	-	14		13.777	0.0	36.021	29.236	0.021	14.335	-	-	-
../0_topoaa/seed-475_sample-3_from_7pr0_ensemble_22_haddock.pdb	-	15		12.402	0.075	58.316	36.997	0.037	15.691	-	-	-
../0_topoaa/seed-476_sample-1_from_7pr0_ensemble_23_haddock.pdb	-	16		14.263	0.0	38.862	31.504	0.019	14.597	-	-	-
../0_topoaa/seed-262_sample-1_from_7pr0_ensemble_24_haddock.pdb	-	17		9.149	0.038	43.528	28.052	0.034	10.4	-	-	-
../0_topoaa/seed-246_sample-4_from_7pr0_ensemble_25_haddock.pdb	-	18		7.076	0.019	28.195	19.599	0.048	7.964	-	-	-
../0_topoaa/seed-262_sample-4_from_7pr0_ensemble_4_haddock.pdb	-	19		12.181	0.0	40.872	34.079	0.019	11.462	-	-	-
../0_topoaa/seed-37_sample-2_from_7pr0_ensemble_5_haddock.pdb	-	20		7.989	0.057	31.905	21.222	0.052	10.998	-	-	-
../0_topoaa/seed-246_sample-1_from_7pr0_ensemble_6_haddock.pdb	-	21		13.854	0.0	37.766	30.105	0.02	14.73	-	-	-
../0_topoaa/seed-476_sample-4_from_7pr0_ensemble_7_haddock.pdb	-	22		14.057	0.0	37.325	30.381	0.02	14.418	-	-	-
../0_topoaa/seed-475_sample-2_from_7pr0_ensemble_8_haddock.pdb	-	23		12.735	0.0	38.411	32.617	0.02	11.826	-	-	-
../0_topoaa/seed-476_sample-0_from_7pr0_ensemble_9_haddock.pdb	-	24		14.486	0.0	40.58	33.009	0.018	14.735	-	-	-
../0_topoaa/seed-262_sample-0_from_7pr0_ensemble_10_haddock.pdb	-	25		12.476	0.019	54.993	37.617	0.019	12.709	-	-	-
../0_topoaa/seed-338_sample-2_from_7msq_ensemble_1_haddock.pdb	-	1		9.484	0.116	29.782	20.448	0.072	16.374	-	-	-
../0_topoaa/seed-384_sample-3_from_7msq_ensemble_2_haddock.pdb	-	2		15.508	0.0	34.053	28.607	0.023	20.645	-	-	-
../0_topoaa/seed-885_sample-4_from_7msq_ensemble_11_haddock.pdb	-	3		15.603	0.0	41.111	35.006	0.017	18.301	-	-	-
../0_topoaa/seed-443_sample-3_from_7msq_ensemble_12_haddock.pdb	-	4		13.821	0.0	35.951	28.886	0.022	17.521	-	-	-
../0_topoaa/seed-606_sample-1_from_7msq_ensemble_13_haddock.pdb	-	5		14.66	0.0	28.965	25.739	0.03	19.028	-	-	-
../0_topoaa/seed-606_sample-3_from_7msq_ensemble_14_haddock.pdb	-	6		18.321	0.0	34.339	32.774	0.021	22.327	-	-	-
../0_topoaa/seed-338_sample-4_from_7msq_ensemble_15_haddock.pdb	-	7		13.139	0.0	28.889	24.571	0.031	15.365	-	-	-
../0_topoaa/seed-443_sample-1_from_7msq_ensemble_16_haddock.pdb	-	8		15.499	0.0	31.098	23.691	0.026	20.735	-	-	-
../0_topoaa/seed-384_sample-2_from_7msq_ensemble_17_haddock.pdb	-	9		15.794	0.0	35.82	26.41	0.021	21.4	-	-	-
../0_topoaa/seed-885_sample-1_from_7msq_ensemble_18_haddock.pdb	-	10		15.87	0.0	43.554	36.033	0.015	19.237	-	-	-
../0_topoaa/seed-338_sample-3_from_7msq_ensemble_19_haddock.pdb	-	11		15.777	0.0	31.929	22.504	0.025	20.944	-	-	-
../0_topoaa/seed-606_sample-4_from_7msq_ensemble_20_haddock.pdb	-	12		18.116	0.0	54.757	52.137	0.01	19.641	-	-	-
../0_topoaa/seed-885_sample-0_from_7msq_ensemble_3_haddock.pdb	-	13		9.361	0.047	39.408	29.926	0.039	13.459	-	-	-
../0_topoaa/seed-606_sample-0_from_7msq_ensemble_21_haddock.pdb	-	14		10.837	0.047	35.585	21.767	0.04	16.614	-	-	-
../0_topoaa/seed-443_sample-2_from_7msq_ensemble_22_haddock.pdb	-	15		16.098	0.0	30.374	27.567	0.027	18.224	-	-	-
../0_topoaa/seed-384_sample-1_from_7msq_ensemble_23_haddock.pdb	-	16		15.543	0.0	31.008	23.278	0.026	20.749	-	-	-
../0_topoaa/seed-885_sample-2_from_7msq_ensemble_24_haddock.pdb	-	17		17.03	0.0	41.195	37.694	0.016	20.198	-	-	-
../0_topoaa/seed-338_sample-0_from_7msq_ensemble_25_haddock.pdb	-	18		15.858	0.0	38.614	33.62	0.018	18.997	-	-	-
../0_topoaa/seed-443_sample-0_from_7msq_ensemble_4_haddock.pdb	-	19		15.306	0.0	30.342	30.144	0.027	15.56	-	-	-
../0_topoaa/seed-384_sample-4_from_7msq_ensemble_5_haddock.pdb	-	20		7.936	0.0	32.179	27.842	0.033	10.954	-	-	-
../0_topoaa/seed-606_sample-2_from_7msq_ensemble_6_haddock.pdb	-	21		15.23	0.0	45.45	34.008	0.014	20.423	-	-	-
../0_topoaa/seed-338_sample-1_from_7msq_ensemble_7_haddock.pdb	-	22		16.02	0.0	36.552	27.937	0.02	21.704	-	-	-
../0_topoaa/seed-384_sample-0_from_7msq_ensemble_8_haddock.pdb	-	23		16.075	0.0	39.184	33.973	0.018	19.638	-	-	-
../0_topoaa/seed-443_sample-4_from_7msq_ensemble_9_haddock.pdb	-	24		11.836	0.0	24.459	23.795	0.041	13.731	-	-	-
../0_topoaa/seed-885_sample-3_from_7msq_ensemble_10_haddock.pdb	-	25		17.63	0.0	31.978	30.681	0.024	21.98	-	-	-
../0_topoaa/seed-134_sample-0_from_7qny_ensemble_1_haddock.pdb	-	1		16.762	0.0	35.093	32.839	0.021	18.641	-	-	-
../0_topoaa/seed-410_sample-1_from_7qny_ensemble_2_haddock.pdb	-	2		16.502	0.0	35.535	32.614	0.021	18.418	-	-	-
../0_topoaa/seed-634_sample-3_from_7qny_ensemble_11_haddock.pdb	-	3		16.865	0.0	35.737	33.184	0.02	18.709	-	-	-
../0_topoaa/seed-614_sample-3_from_7qny_ensemble_12_haddock.pdb	-	4		16.792	0.0	36.066	33.292	0.02	18.525	-	-	-
../0_topoaa/seed-65_sample-2_from_7qny_ensemble_13_haddock.pdb	-	5		16.788	0.0	36.483	33.658	0.02	18.49	-	-	-
../0_topoaa/seed-614_sample-1_from_7qny_ensemble_14_haddock.pdb	-	6		16.756	0.0	35.921	33.281	0.02	18.47	-	-	-
../0_topoaa/seed-65_sample-0_from_7qny_ensemble_15_haddock.pdb	-	7		16.631	0.0	35.417	32.715	0.021	18.59	-	-	-
../0_topoaa/seed-634_sample-1_from_7qny_ensemble_16_haddock.pdb	-	8		16.869	0.0	35.606	32.966	0.021	18.74	-	-	-
../0_topoaa/seed-134_sample-1_from_7qny_ensemble_17_haddock.pdb	-	9		17.063	0.0	36.148	33.52	0.02	18.971	-	-	-
../0_topoaa/seed-410_sample-0_from_7qny_ensemble_18_haddock.pdb	-	10		16.952	0.0	36.979	34.144	0.019	18.572	-	-	-
../0_topoaa/seed-65_sample-3_from_7qny_ensemble_19_haddock.pdb	-	11		16.785	0.0	36.835	33.937	0.019	18.62	-	-	-
../0_topoaa/seed-614_sample-2_from_7qny_ensemble_20_haddock.pdb	-	12		16.887	0.0	36.326	33.693	0.02	18.501	-	-	-
../0_topoaa/seed-634_sample-0_from_7qny_ensemble_3_haddock.pdb	-	13		16.903	0.0	35.838	33.094	0.02	18.858	-	-	-
../0_topoaa/seed-410_sample-4_from_7qny_ensemble_21_haddock.pdb	-	14		16.788	0.0	35.766	33.192	0.02	18.603	-	-	-
../0_topoaa/seed-634_sample-2_from_7qny_ensemble_22_haddock.pdb	-	15		16.782	0.0	34.929	32.62	0.021	18.663	-	-	-
../0_topoaa/seed-410_sample-3_from_7qny_ensemble_23_haddock.pdb	-	16		16.623	0.0	35.655	33.326	0.021	18.332	-	-	-
../0_topoaa/seed-134_sample-2_from_7qny_ensemble_24_haddock.pdb	-	17		16.84	0.0	35.598	32.701	0.021	18.908	-	-	-
../0_topoaa/seed-65_sample-4_from_7qny_ensemble_25_haddock.pdb	-	18		16.668	0.0	36.07	33.244	0.02	18.492	-	-	-
../0_topoaa/seed-65_sample-1_from_7qny_ensemble_4_haddock.pdb	-	19		16.622	0.0	35.764	33.602	0.021	18.416	-	-	-
../0_topoaa/seed-614_sample-0_from_7qny_ensemble_5_haddock.pdb	-	20		16.632	0.0	35.41	32.638	0.021	18.351	-	-	-
../0_topoaa/seed-614_sample-4_from_7qny_ensemble_6_haddock.pdb	-	21		16.657	0.0	35.914	32.941	0.02	18.452	-	-	-
../0_topoaa/seed-634_sample-4_from_7qny_ensemble_7_haddock.pdb	-	22		16.755	0.0	35.094	32.612	0.021	18.696	-	-	-
../0_topoaa/seed-410_sample-2_from_7qny_ensemble_8_haddock.pdb	-	23		19.415	0.0	44.326	43.51	0.014	19.734	-	-	-
../0_topoaa/seed-134_sample-3_from_7qny_ensemble_9_haddock.pdb	-	24		16.952	0.0	35.533	33.136	0.021	18.84	-	-	-
../0_topoaa/seed-134_sample-4_from_7qny_ensemble_10_haddock.pdb	-	25		16.881	0.0	35.741	33.301	0.02	18.828	-	-	-
