topn	cl_num	cl_method	pdb	lowest_h3_flow	impr
10	5	complete	7bnv	6.317	-1.458
10	5	average	7bnv	6.317	-1.458
10	5	single	7bnv	6.317	-1.458
10	10	complete	7bnv	5.633	-0.774
10	10	average	7bnv	5.633	-0.774
10	10	single	7bnv	5.633	-0.774
10	ALL	-	7bnv	4.990	-0.131
20	5	complete	7bnv	4.743	0.116
20	5	average	7bnv	4.743	0.116
20	5	single	7bnv	6.317	-1.458
20	10	complete	7bnv	4.178	0.681
20	10	average	7bnv	4.178	0.681
20	10	single	7bnv	4.178	0.681
20	15	complete	7bnv	4.178	0.681
20	15	average	7bnv	4.178	0.681
20	15	single	7bnv	4.178	0.681
20	20	complete	7bnv	4.178	0.681
20	20	average	7bnv	4.178	0.681
20	20	single	7bnv	4.178	0.681
20	ALL	-	7bnv	4.178	0.681
50	5	complete	7bnv	6.664	-1.805
50	5	average	7bnv	6.664	-1.805
50	5	single	7bnv	6.664	-1.805
50	10	complete	7bnv	5.633	-0.774
50	10	average	7bnv	5.633	-0.774
50	10	single	7bnv	4.178	0.681
50	15	complete	7bnv	4.178	0.681
50	15	average	7bnv	5.633	-0.774
50	15	single	7bnv	4.178	0.681
50	20	complete	7bnv	4.178	0.681
50	20	average	7bnv	4.178	0.681
50	20	single	7bnv	4.178	0.681
50	30	complete	7bnv	4.178	0.681
50	30	average	7bnv	4.178	0.681
50	30	single	7bnv	4.178	0.681
50	40	complete	7bnv	4.178	0.681
50	40	average	7bnv	4.178	0.681
50	40	single	7bnv	4.178	0.681
50	ALL	-	7bnv	4.178	0.681
100	5	complete	7bnv	4.743	0.116
100	5	average	7bnv	4.743	0.116
100	5	single	7bnv	4.845	0.014
100	10	complete	7bnv	3.086	1.773
100	10	average	7bnv	4.319	0.540
100	10	single	7bnv	4.845	0.014
100	15	complete	7bnv	3.086	1.773
100	15	average	7bnv	4.319	0.540
100	15	single	7bnv	4.845	0.014
100	20	complete	7bnv	3.579	1.280
100	20	average	7bnv	4.319	0.540
100	20	single	7bnv	3.579	1.280
100	30	complete	7bnv	3.303	1.556
100	30	average	7bnv	3.303	1.556
100	30	single	7bnv	3.579	1.280
100	40	complete	7bnv	3.303	1.556
100	40	average	7bnv	3.303	1.556
100	40	single	7bnv	3.303	1.556
100	ALL	-	7bnv	3.086	1.773
200	5	complete	7bnv	3.728	1.131
200	5	average	7bnv	4.845	0.014
200	5	single	7bnv	4.845	0.014
200	10	complete	7bnv	4.113	0.746
200	10	average	7bnv	4.113	0.746
200	10	single	7bnv	4.845	0.014
200	15	complete	7bnv	3.303	1.556
200	15	average	7bnv	4.113	0.746
200	15	single	7bnv	4.069	0.790
200	20	complete	7bnv	3.303	1.556
200	20	average	7bnv	3.086	1.773
200	20	single	7bnv	4.036	0.823
200	30	complete	7bnv	3.303	1.556
200	30	average	7bnv	3.086	1.773
200	30	single	7bnv	3.662	1.197
200	40	complete	7bnv	3.268	1.591
200	40	average	7bnv	3.268	1.591
200	40	single	7bnv	3.662	1.197
200	ALL	-	7bnv	3.086	1.773
500	5	complete	7bnv	3.530	1.329
500	5	average	7bnv	4.718	0.141
500	5	single	7bnv	4.859	0.000
500	10	complete	7bnv	3.530	1.329
500	10	average	7bnv	3.530	1.329
500	10	single	7bnv	4.859	0.000
500	15	complete	7bnv	3.530	1.329
500	15	average	7bnv	3.530	1.329
500	15	single	7bnv	4.845	0.014
500	20	complete	7bnv	3.530	1.329
500	20	average	7bnv	3.530	1.329
500	20	single	7bnv	4.036	0.823
500	30	complete	7bnv	3.530	1.329
500	30	average	7bnv	3.086	1.773
500	30	single	7bnv	4.036	0.823
500	40	complete	7bnv	3.469	1.390
500	40	average	7bnv	3.086	1.773
500	40	single	7bnv	4.036	0.823
500	ALL	-	7bnv	3.072	1.787
1000	5	complete	7bnv	6.541	-1.682
1000	5	average	7bnv	6.550	-1.691
1000	5	single	7bnv	5.163	-0.304
1000	10	complete	7bnv	3.530	1.329
1000	10	average	7bnv	4.113	0.746
1000	10	single	7bnv	4.859	0.000
1000	15	complete	7bnv	3.530	1.329
1000	15	average	7bnv	4.113	0.746
1000	15	single	7bnv	4.859	0.000
1000	20	complete	7bnv	3.530	1.329
1000	20	average	7bnv	3.469	1.390
1000	20	single	7bnv	4.845	0.014
1000	30	complete	7bnv	3.530	1.329
1000	30	average	7bnv	3.469	1.390
1000	30	single	7bnv	4.845	0.014
1000	40	complete	7bnv	3.469	1.390
1000	40	average	7bnv	3.469	1.390
1000	40	single	7bnv	4.361	0.498
1000	ALL	-	7bnv	2.651	2.208
10	5	complete	7dk2	6.660	2.018
10	5	average	7dk2	6.660	2.018
10	5	single	7dk2	7.012	1.666
10	10	complete	7dk2	6.660	2.018
10	10	average	7dk2	6.660	2.018
10	10	single	7dk2	6.660	2.018
10	ALL	-	7dk2	6.660	2.018
20	5	complete	7dk2	6.861	1.817
20	5	average	7dk2	7.138	1.540
20	5	single	7dk2	7.552	1.126
20	10	complete	7dk2	7.138	1.540
20	10	average	7dk2	6.861	1.817
20	10	single	7dk2	6.660	2.018
20	15	complete	7dk2	6.660	2.018
20	15	average	7dk2	6.660	2.018
20	15	single	7dk2	6.660	2.018
20	20	complete	7dk2	6.660	2.018
20	20	average	7dk2	6.660	2.018
20	20	single	7dk2	6.660	2.018
20	ALL	-	7dk2	6.660	2.018
50	5	complete	7dk2	7.302	1.376
50	5	average	7dk2	7.302	1.376
50	5	single	7dk2	6.751	1.927
50	10	complete	7dk2	6.714	1.964
50	10	average	7dk2	6.751	1.927
50	10	single	7dk2	6.714	1.964
50	15	complete	7dk2	6.714	1.964
50	15	average	7dk2	6.660	2.018
50	15	single	7dk2	6.660	2.018
50	20	complete	7dk2	6.714	1.964
50	20	average	7dk2	6.660	2.018
50	20	single	7dk2	6.660	2.018
50	30	complete	7dk2	6.660	2.018
50	30	average	7dk2	6.660	2.018
50	30	single	7dk2	6.660	2.018
50	40	complete	7dk2	6.660	2.018
50	40	average	7dk2	6.660	2.018
50	40	single	7dk2	6.660	2.018
50	ALL	-	7dk2	6.660	2.018
100	5	complete	7dk2	6.926	1.752
100	5	average	7dk2	6.926	1.752
100	5	single	7dk2	5.871	2.807
100	10	complete	7dk2	6.116	2.562
100	10	average	7dk2	5.871	2.807
100	10	single	7dk2	5.871	2.807
100	15	complete	7dk2	6.116	2.562
100	15	average	7dk2	5.871	2.807
100	15	single	7dk2	5.871	2.807
100	20	complete	7dk2	5.871	2.807
100	20	average	7dk2	5.871	2.807
100	20	single	7dk2	5.871	2.807
100	30	complete	7dk2	5.871	2.807
100	30	average	7dk2	5.871	2.807
100	30	single	7dk2	5.871	2.807
100	40	complete	7dk2	5.871	2.807
100	40	average	7dk2	5.871	2.807
100	40	single	7dk2	5.871	2.807
100	ALL	-	7dk2	5.871	2.807
200	5	complete	7dk2	4.875	3.803
200	5	average	7dk2	4.875	3.803
200	5	single	7dk2	4.875	3.803
200	10	complete	7dk2	4.875	3.803
200	10	average	7dk2	4.875	3.803
200	10	single	7dk2	4.875	3.803
200	15	complete	7dk2	4.875	3.803
200	15	average	7dk2	4.875	3.803
200	15	single	7dk2	4.875	3.803
200	20	complete	7dk2	4.875	3.803
200	20	average	7dk2	4.875	3.803
200	20	single	7dk2	4.875	3.803
200	30	complete	7dk2	4.875	3.803
200	30	average	7dk2	4.875	3.803
200	30	single	7dk2	4.875	3.803
200	40	complete	7dk2	4.875	3.803
200	40	average	7dk2	4.875	3.803
200	40	single	7dk2	4.875	3.803
200	ALL	-	7dk2	4.875	3.803
500	5	complete	7dk2	4.875	3.803
500	5	average	7dk2	4.875	3.803
500	5	single	7dk2	4.875	3.803
500	10	complete	7dk2	4.875	3.803
500	10	average	7dk2	4.875	3.803
500	10	single	7dk2	4.512	4.166
500	15	complete	7dk2	4.538	4.140
500	15	average	7dk2	4.512	4.166
500	15	single	7dk2	4.058	4.620
500	20	complete	7dk2	4.538	4.140
500	20	average	7dk2	4.512	4.166
500	20	single	7dk2	4.058	4.620
500	30	complete	7dk2	4.538	4.140
500	30	average	7dk2	4.058	4.620
500	30	single	7dk2	4.058	4.620
500	40	complete	7dk2	4.538	4.140
500	40	average	7dk2	4.058	4.620
500	40	single	7dk2	4.058	4.620
500	ALL	-	7dk2	4.058	4.620
1000	5	complete	7dk2	5.361	3.317
1000	5	average	7dk2	4.875	3.803
1000	5	single	7dk2	4.875	3.803
1000	10	complete	7dk2	3.616	5.062
1000	10	average	7dk2	4.875	3.803
1000	10	single	7dk2	2.621	6.057
1000	15	complete	7dk2	3.616	5.062
1000	15	average	7dk2	4.875	3.803
1000	15	single	7dk2	2.621	6.057
1000	20	complete	7dk2	3.616	5.062
1000	20	average	7dk2	3.616	5.062
1000	20	single	7dk2	2.621	6.057
1000	30	complete	7dk2	3.616	5.062
1000	30	average	7dk2	3.616	5.062
1000	30	single	7dk2	2.621	6.057
1000	40	complete	7dk2	3.616	5.062
1000	40	average	7dk2	3.616	5.062
1000	40	single	7dk2	2.621	6.057
1000	ALL	-	7dk2	2.621	6.057
10	5	complete	7f7e	3.200	-1.889
10	5	average	7f7e	3.200	-1.889
10	5	single	7f7e	3.200	-1.889
10	10	complete	7f7e	3.200	-1.889
10	10	average	7f7e	3.200	-1.889
10	10	single	7f7e	3.200	-1.889
10	ALL	-	7f7e	3.200	-1.889
20	5	complete	7f7e	4.424	-3.113
20	5	average	7f7e	5.179	-3.868
20	5	single	7f7e	5.179	-3.868
20	10	complete	7f7e	3.200	-1.889
20	10	average	7f7e	3.200	-1.889
20	10	single	7f7e	3.200	-1.889
20	15	complete	7f7e	3.200	-1.889
20	15	average	7f7e	3.200	-1.889
20	15	single	7f7e	3.200	-1.889
20	20	complete	7f7e	3.200	-1.889
20	20	average	7f7e	3.200	-1.889
20	20	single	7f7e	3.200	-1.889
20	ALL	-	7f7e	3.200	-1.889
50	5	complete	7f7e	3.766	-2.455
50	5	average	7f7e	4.164	-2.853
50	5	single	7f7e	4.164	-2.853
50	10	complete	7f7e	4.164	-2.853
50	10	average	7f7e	3.766	-2.455
50	10	single	7f7e	4.164	-2.853
50	15	complete	7f7e	3.200	-1.889
50	15	average	7f7e	4.164	-2.853
50	15	single	7f7e	3.200	-1.889
50	20	complete	7f7e	3.200	-1.889
50	20	average	7f7e	2.722	-1.411
50	20	single	7f7e	2.639	-1.328
50	30	complete	7f7e	2.639	-1.328
50	30	average	7f7e	2.639	-1.328
50	30	single	7f7e	2.639	-1.328
50	40	complete	7f7e	2.639	-1.328
50	40	average	7f7e	2.639	-1.328
50	40	single	7f7e	2.639	-1.328
50	ALL	-	7f7e	2.639	-1.328
100	5	complete	7f7e	4.739	-3.428
100	5	average	7f7e	3.816	-2.505
100	5	single	7f7e	4.739	-3.428
100	10	complete	7f7e	3.816	-2.505
100	10	average	7f7e	3.816	-2.505
100	10	single	7f7e	4.739	-3.428
100	15	complete	7f7e	3.816	-2.505
100	15	average	7f7e	3.816	-2.505
100	15	single	7f7e	4.739	-3.428
100	20	complete	7f7e	3.816	-2.505
100	20	average	7f7e	3.816	-2.505
100	20	single	7f7e	4.526	-3.215
100	30	complete	7f7e	3.200	-1.889
100	30	average	7f7e	2.722	-1.411
100	30	single	7f7e	3.816	-2.505
100	40	complete	7f7e	2.722	-1.411
100	40	average	7f7e	2.722	-1.411
100	40	single	7f7e	2.639	-1.328
100	ALL	-	7f7e	2.639	-1.328
200	5	complete	7f7e	4.436	-3.125
200	5	average	7f7e	4.526	-3.215
200	5	single	7f7e	4.739	-3.428
200	10	complete	7f7e	3.816	-2.505
200	10	average	7f7e	4.436	-3.125
200	10	single	7f7e	4.739	-3.428
200	15	complete	7f7e	3.816	-2.505
200	15	average	7f7e	3.816	-2.505
200	15	single	7f7e	4.739	-3.428
200	20	complete	7f7e	3.816	-2.505
200	20	average	7f7e	3.816	-2.505
200	20	single	7f7e	4.739	-3.428
200	30	complete	7f7e	2.129	-0.818
200	30	average	7f7e	3.669	-2.358
200	30	single	7f7e	4.433	-3.122
200	40	complete	7f7e	2.129	-0.818
200	40	average	7f7e	3.316	-2.005
200	40	single	7f7e	4.290	-2.979
200	ALL	-	7f7e	2.129	-0.818
500	5	complete	7f7e	3.988	-2.677
500	5	average	7f7e	2.853	-1.542
500	5	single	7f7e	4.739	-3.428
500	10	complete	7f7e	3.864	-2.553
500	10	average	7f7e	3.816	-2.505
500	10	single	7f7e	4.739	-3.428
500	15	complete	7f7e	3.816	-2.505
500	15	average	7f7e	3.816	-2.505
500	15	single	7f7e	4.739	-3.428
500	20	complete	7f7e	2.816	-1.505
500	20	average	7f7e	3.816	-2.505
500	20	single	7f7e	4.739	-3.428
500	30	complete	7f7e	2.816	-1.505
500	30	average	7f7e	2.853	-1.542
500	30	single	7f7e	4.739	-3.428
500	40	complete	7f7e	2.569	-1.258
500	40	average	7f7e	2.853	-1.542
500	40	single	7f7e	4.739	-3.428
500	ALL	-	7f7e	2.129	-0.818
1000	5	complete	7f7e	4.400	-3.089
1000	5	average	7f7e	4.739	-3.428
1000	5	single	7f7e	4.739	-3.428
1000	10	complete	7f7e	4.400	-3.089
1000	10	average	7f7e	3.739	-2.428
1000	10	single	7f7e	4.739	-3.428
1000	15	complete	7f7e	4.066	-2.755
1000	15	average	7f7e	3.739	-2.428
1000	15	single	7f7e	4.739	-3.428
1000	20	complete	7f7e	3.739	-2.428
1000	20	average	7f7e	3.739	-2.428
1000	20	single	7f7e	4.739	-3.428
1000	30	complete	7f7e	3.539	-2.228
1000	30	average	7f7e	3.739	-2.428
1000	30	single	7f7e	4.739	-3.428
1000	40	complete	7f7e	2.808	-1.497
1000	40	average	7f7e	3.739	-2.428
1000	40	single	7f7e	4.739	-3.428
1000	ALL	-	7f7e	2.037	-0.726
10	5	complete	7kez	2.939	-0.304
10	5	average	7kez	2.939	-0.304
10	5	single	7kez	2.939	-0.304
10	10	complete	7kez	2.259	0.376
10	10	average	7kez	2.259	0.376
10	10	single	7kez	2.259	0.376
10	ALL	-	7kez	2.259	0.376
20	5	complete	7kez	3.820	-1.185
20	5	average	7kez	3.820	-1.185
20	5	single	7kez	4.350	-1.715
20	10	complete	7kez	2.259	0.376
20	10	average	7kez	2.259	0.376
20	10	single	7kez	2.939	-0.304
20	15	complete	7kez	2.259	0.376
20	15	average	7kez	2.259	0.376
20	15	single	7kez	2.259	0.376
20	20	complete	7kez	2.259	0.376
20	20	average	7kez	2.259	0.376
20	20	single	7kez	2.259	0.376
20	ALL	-	7kez	2.259	0.376
50	5	complete	7kez	2.939	-0.304
50	5	average	7kez	4.325	-1.690
50	5	single	7kez	4.482	-1.847
50	10	complete	7kez	2.939	-0.304
50	10	average	7kez	2.939	-0.304
50	10	single	7kez	4.350	-1.715
50	15	complete	7kez	2.259	0.376
50	15	average	7kez	2.259	0.376
50	15	single	7kez	2.259	0.376
50	20	complete	7kez	2.259	0.376
50	20	average	7kez	2.259	0.376
50	20	single	7kez	2.259	0.376
50	30	complete	7kez	2.259	0.376
50	30	average	7kez	2.259	0.376
50	30	single	7kez	2.259	0.376
50	40	complete	7kez	2.259	0.376
50	40	average	7kez	2.259	0.376
50	40	single	7kez	2.259	0.376
50	ALL	-	7kez	2.259	0.376
100	5	complete	7kez	3.236	-0.601
100	5	average	7kez	2.939	-0.304
100	5	single	7kez	3.792	-1.157
100	10	complete	7kez	3.016	-0.381
100	10	average	7kez	2.325	0.310
100	10	single	7kez	3.792	-1.157
100	15	complete	7kez	2.259	0.376
100	15	average	7kez	2.259	0.376
100	15	single	7kez	2.939	-0.304
100	20	complete	7kez	2.259	0.376
100	20	average	7kez	2.259	0.376
100	20	single	7kez	2.325	0.310
100	30	complete	7kez	2.259	0.376
100	30	average	7kez	2.259	0.376
100	30	single	7kez	2.259	0.376
100	40	complete	7kez	2.259	0.376
100	40	average	7kez	2.259	0.376
100	40	single	7kez	2.259	0.376
100	ALL	-	7kez	2.259	0.376
200	5	complete	7kez	3.236	-0.601
200	5	average	7kez	3.236	-0.601
200	5	single	7kez	4.002	-1.367
200	10	complete	7kez	2.584	0.051
200	10	average	7kez	3.182	-0.547
200	10	single	7kez	3.792	-1.157
200	15	complete	7kez	2.584	0.051
200	15	average	7kez	3.182	-0.547
200	15	single	7kez	3.700	-1.065
200	20	complete	7kez	2.584	0.051
200	20	average	7kez	2.939	-0.304
200	20	single	7kez	3.700	-1.065
200	30	complete	7kez	2.939	-0.304
200	30	average	7kez	2.939	-0.304
200	30	single	7kez	2.325	0.310
200	40	complete	7kez	2.939	-0.304
200	40	average	7kez	2.259	0.376
200	40	single	7kez	2.325	0.310
200	ALL	-	7kez	2.259	0.376
500	5	complete	7kez	4.056	-1.421
500	5	average	7kez	2.325	0.310
500	5	single	7kez	4.002	-1.367
500	10	complete	7kez	2.325	0.310
500	10	average	7kez	2.325	0.310
500	10	single	7kez	4.002	-1.367
500	15	complete	7kez	2.325	0.310
500	15	average	7kez	2.325	0.310
500	15	single	7kez	3.700	-1.065
500	20	complete	7kez	2.325	0.310
500	20	average	7kez	2.325	0.310
500	20	single	7kez	3.681	-1.046
500	30	complete	7kez	2.259	0.376
500	30	average	7kez	2.325	0.310
500	30	single	7kez	3.279	-0.644
500	40	complete	7kez	2.259	0.376
500	40	average	7kez	2.325	0.310
500	40	single	7kez	3.279	-0.644
500	ALL	-	7kez	2.259	0.376
1000	5	complete	7kez	3.358	-0.723
1000	5	average	7kez	4.561	-1.926
1000	5	single	7kez	5.146	-2.511
1000	10	complete	7kez	2.584	0.051
1000	10	average	7kez	2.584	0.051
1000	10	single	7kez	4.002	-1.367
1000	15	complete	7kez	2.325	0.310
1000	15	average	7kez	2.798	-0.163
1000	15	single	7kez	3.700	-1.065
1000	20	complete	7kez	2.325	0.310
1000	20	average	7kez	2.584	0.051
1000	20	single	7kez	3.700	-1.065
1000	30	complete	7kez	2.325	0.310
1000	30	average	7kez	2.584	0.051
1000	30	single	7kez	3.279	-0.644
1000	40	complete	7kez	2.325	0.310
1000	40	average	7kez	2.584	0.051
1000	40	single	7kez	3.279	-0.644
1000	ALL	-	7kez	2.072	0.563
10	5	complete	7kql	2.771	-1.642
10	5	average	7kql	2.771	-1.642
10	5	single	7kql	3.026	-1.897
10	10	complete	7kql	2.771	-1.642
10	10	average	7kql	2.771	-1.642
10	10	single	7kql	2.771	-1.642
10	ALL	-	7kql	2.771	-1.642
20	5	complete	7kql	3.261	-2.132
20	5	average	7kql	2.716	-1.587
20	5	single	7kql	2.716	-1.587
20	10	complete	7kql	2.771	-1.642
20	10	average	7kql	2.771	-1.642
20	10	single	7kql	2.716	-1.587
20	15	complete	7kql	2.498	-1.369
20	15	average	7kql	2.498	-1.369
20	15	single	7kql	2.498	-1.369
20	20	complete	7kql	2.498	-1.369
20	20	average	7kql	2.498	-1.369
20	20	single	7kql	2.498	-1.369
20	ALL	-	7kql	2.036	-0.907
50	5	complete	7kql	2.716	-1.587
50	5	average	7kql	2.716	-1.587
50	5	single	7kql	3.261	-2.132
50	10	complete	7kql	2.771	-1.642
50	10	average	7kql	2.716	-1.587
50	10	single	7kql	3.261	-2.132
50	15	complete	7kql	2.771	-1.642
50	15	average	7kql	2.771	-1.642
50	15	single	7kql	2.716	-1.587
50	20	complete	7kql	2.771	-1.642
50	20	average	7kql	2.771	-1.642
50	20	single	7kql	2.716	-1.587
50	30	complete	7kql	2.771	-1.642
50	30	average	7kql	2.771	-1.642
50	30	single	7kql	2.036	-0.907
50	40	complete	7kql	2.036	-0.907
50	40	average	7kql	2.036	-0.907
50	40	single	7kql	2.036	-0.907
50	ALL	-	7kql	1.909	-0.780
100	5	complete	7kql	2.716	-1.587
100	5	average	7kql	2.612	-1.483
100	5	single	7kql	3.261	-2.132
100	10	complete	7kql	3.188	-2.059
100	10	average	7kql	2.716	-1.587
100	10	single	7kql	3.261	-2.132
100	15	complete	7kql	1.909	-0.780
100	15	average	7kql	2.716	-1.587
100	15	single	7kql	2.612	-1.483
100	20	complete	7kql	1.909	-0.780
100	20	average	7kql	2.716	-1.587
100	20	single	7kql	2.612	-1.483
100	30	complete	7kql	2.471	-1.342
100	30	average	7kql	2.716	-1.587
100	30	single	7kql	2.036	-0.907
100	40	complete	7kql	2.471	-1.342
100	40	average	7kql	2.036	-0.907
100	40	single	7kql	2.036	-0.907
100	ALL	-	7kql	1.909	-0.780
200	5	complete	7kql	2.902	-1.773
200	5	average	7kql	2.618	-1.489
200	5	single	7kql	2.612	-1.483
200	10	complete	7kql	2.799	-1.670
200	10	average	7kql	2.618	-1.489
200	10	single	7kql	2.612	-1.483
200	15	complete	7kql	2.799	-1.670
200	15	average	7kql	2.771	-1.642
200	15	single	7kql	2.612	-1.483
200	20	complete	7kql	2.498	-1.369
200	20	average	7kql	2.771	-1.642
200	20	single	7kql	2.612	-1.483
200	30	complete	7kql	2.498	-1.369
200	30	average	7kql	2.771	-1.642
200	30	single	7kql	2.612	-1.483
200	40	complete	7kql	2.036	-0.907
200	40	average	7kql	2.563	-1.434
200	40	single	7kql	2.612	-1.483
200	ALL	-	7kql	1.906	-0.777
500	5	complete	7kql	2.612	-1.483
500	5	average	7kql	2.664	-1.535
500	5	single	7kql	2.722	-1.593
500	10	complete	7kql	2.343	-1.214
500	10	average	7kql	2.722	-1.593
500	10	single	7kql	2.722	-1.593
500	15	complete	7kql	2.343	-1.214
500	15	average	7kql	2.716	-1.587
500	15	single	7kql	2.722	-1.593
500	20	complete	7kql	2.343	-1.214
500	20	average	7kql	2.716	-1.587
500	20	single	7kql	2.722	-1.593
500	30	complete	7kql	2.343	-1.214
500	30	average	7kql	2.273	-1.144
500	30	single	7kql	2.722	-1.593
500	40	complete	7kql	2.265	-1.136
500	40	average	7kql	2.273	-1.144
500	40	single	7kql	2.722	-1.593
500	ALL	-	7kql	1.803	-0.674
1000	5	complete	7kql	2.186	-1.057
1000	5	average	7kql	2.664	-1.535
1000	5	single	7kql	3.619	-2.490
1000	10	complete	7kql	2.036	-0.907
1000	10	average	7kql	3.110	-1.981
1000	10	single	7kql	3.619	-2.490
1000	15	complete	7kql	2.036	-0.907
1000	15	average	7kql	2.902	-1.773
1000	15	single	7kql	3.619	-2.490
1000	20	complete	7kql	2.766	-1.637
1000	20	average	7kql	2.902	-1.773
1000	20	single	7kql	3.619	-2.490
1000	30	complete	7kql	2.732	-1.603
1000	30	average	7kql	2.902	-1.773
1000	30	single	7kql	3.619	-2.490
1000	40	complete	7kql	2.273	-1.144
1000	40	average	7kql	2.902	-1.773
1000	40	single	7kql	3.526	-2.397
1000	ALL	-	7kql	1.803	-0.674
10	5	complete	7msq	4.137	3.539
10	5	average	7msq	5.064	2.612
10	5	single	7msq	5.064	2.612
10	10	complete	7msq	4.137	3.539
10	10	average	7msq	4.137	3.539
10	10	single	7msq	4.137	3.539
10	ALL	-	7msq	4.137	3.539
20	5	complete	7msq	4.137	3.539
20	5	average	7msq	5.064	2.612
20	5	single	7msq	7.429	0.247
20	10	complete	7msq	4.137	3.539
20	10	average	7msq	4.137	3.539
20	10	single	7msq	4.137	3.539
20	15	complete	7msq	4.175	3.501
20	15	average	7msq	4.175	3.501
20	15	single	7msq	4.175	3.501
20	20	complete	7msq	4.137	3.539
20	20	average	7msq	4.137	3.539
20	20	single	7msq	4.137	3.539
20	ALL	-	7msq	4.137	3.539
50	5	complete	7msq	4.137	3.539
50	5	average	7msq	5.681	1.995
50	5	single	7msq	5.681	1.995
50	10	complete	7msq	4.137	3.539
50	10	average	7msq	4.137	3.539
50	10	single	7msq	4.917	2.759
50	15	complete	7msq	4.137	3.539
50	15	average	7msq	4.137	3.539
50	15	single	7msq	4.452	3.224
50	20	complete	7msq	4.175	3.501
50	20	average	7msq	4.175	3.501
50	20	single	7msq	4.175	3.501
50	30	complete	7msq	4.175	3.501
50	30	average	7msq	4.175	3.501
50	30	single	7msq	4.137	3.539
50	40	complete	7msq	4.137	3.539
50	40	average	7msq	4.137	3.539
50	40	single	7msq	4.137	3.539
50	ALL	-	7msq	4.137	3.539
100	5	complete	7msq	5.577	2.099
100	5	average	7msq	5.629	2.047
100	5	single	7msq	7.429	0.247
100	10	complete	7msq	4.918	2.758
100	10	average	7msq	5.577	2.099
100	10	single	7msq	4.917	2.759
100	15	complete	7msq	4.137	3.539
100	15	average	7msq	4.137	3.539
100	15	single	7msq	4.452	3.224
100	20	complete	7msq	4.137	3.539
100	20	average	7msq	4.137	3.539
100	20	single	7msq	4.353	3.323
100	30	complete	7msq	4.137	3.539
100	30	average	7msq	4.137	3.539
100	30	single	7msq	4.137	3.539
100	40	complete	7msq	4.137	3.539
100	40	average	7msq	4.137	3.539
100	40	single	7msq	4.137	3.539
100	ALL	-	7msq	4.137	3.539
200	5	complete	7msq	5.993	1.683
200	5	average	7msq	5.259	2.417
200	5	single	7msq	6.712	0.964
200	10	complete	7msq	3.963	3.713
200	10	average	7msq	3.963	3.713
200	10	single	7msq	5.681	1.995
200	15	complete	7msq	3.963	3.713
200	15	average	7msq	3.963	3.713
200	15	single	7msq	5.681	1.995
200	20	complete	7msq	3.963	3.713
200	20	average	7msq	3.963	3.713
200	20	single	7msq	4.353	3.323
200	30	complete	7msq	3.963	3.713
200	30	average	7msq	4.300	3.376
200	30	single	7msq	4.175	3.501
200	40	complete	7msq	3.741	3.935
200	40	average	7msq	4.242	3.434
200	40	single	7msq	3.963	3.713
200	ALL	-	7msq	3.741	3.935
500	5	complete	7msq	6.609	1.067
500	5	average	7msq	5.760	1.916
500	5	single	7msq	7.429	0.247
500	10	complete	7msq	4.831	2.845
500	10	average	7msq	4.453	3.223
500	10	single	7msq	6.712	0.964
500	15	complete	7msq	4.177	3.499
500	15	average	7msq	4.453	3.223
500	15	single	7msq	6.712	0.964
500	20	complete	7msq	4.177	3.499
500	20	average	7msq	4.453	3.223
500	20	single	7msq	4.452	3.224
500	30	complete	7msq	4.177	3.499
500	30	average	7msq	4.452	3.224
500	30	single	7msq	4.452	3.224
500	40	complete	7msq	4.177	3.499
500	40	average	7msq	4.177	3.499
500	40	single	7msq	3.963	3.713
500	ALL	-	7msq	3.054	4.622
1000	5	complete	7msq	5.055	2.621
1000	5	average	7msq	4.239	3.437
1000	5	single	7msq	6.893	0.783
1000	10	complete	7msq	4.453	3.223
1000	10	average	7msq	3.803	3.873
1000	10	single	7msq	6.712	0.964
1000	15	complete	7msq	3.803	3.873
1000	15	average	7msq	3.803	3.873
1000	15	single	7msq	6.712	0.964
1000	20	complete	7msq	3.803	3.873
1000	20	average	7msq	3.372	4.304
1000	20	single	7msq	5.388	2.288
1000	30	complete	7msq	3.803	3.873
1000	30	average	7msq	3.372	4.304
1000	30	single	7msq	5.388	2.288
1000	40	complete	7msq	3.803	3.873
1000	40	average	7msq	3.372	4.304
1000	40	single	7msq	5.388	2.288
1000	ALL	-	7msq	2.643	5.033
10	5	complete	7n4j	3.321	-1.651
10	5	average	7n4j	2.709	-1.039
10	5	single	7n4j	3.321	-1.651
10	10	complete	7n4j	2.709	-1.039
10	10	average	7n4j	2.709	-1.039
10	10	single	7n4j	2.709	-1.039
10	ALL	-	7n4j	2.709	-1.039
20	5	complete	7n4j	2.709	-1.039
20	5	average	7n4j	2.396	-0.726
20	5	single	7n4j	2.396	-0.726
20	10	complete	7n4j	2.709	-1.039
20	10	average	7n4j	2.709	-1.039
20	10	single	7n4j	3.321	-1.651
20	15	complete	7n4j	2.709	-1.039
20	15	average	7n4j	2.709	-1.039
20	15	single	7n4j	2.396	-0.726
20	20	complete	7n4j	2.396	-0.726
20	20	average	7n4j	2.396	-0.726
20	20	single	7n4j	2.396	-0.726
20	ALL	-	7n4j	2.396	-0.726
50	5	complete	7n4j	3.216	-1.546
50	5	average	7n4j	3.216	-1.546
50	5	single	7n4j	2.396	-0.726
50	10	complete	7n4j	2.529	-0.859
50	10	average	7n4j	2.396	-0.726
50	10	single	7n4j	2.396	-0.726
50	15	complete	7n4j	2.529	-0.859
50	15	average	7n4j	2.529	-0.859
50	15	single	7n4j	3.216	-1.546
50	20	complete	7n4j	2.529	-0.859
50	20	average	7n4j	2.529	-0.859
50	20	single	7n4j	2.396	-0.726
50	30	complete	7n4j	2.396	-0.726
50	30	average	7n4j	2.396	-0.726
50	30	single	7n4j	2.396	-0.726
50	40	complete	7n4j	2.396	-0.726
50	40	average	7n4j	2.396	-0.726
50	40	single	7n4j	2.396	-0.726
50	ALL	-	7n4j	2.330	-0.660
100	5	complete	7n4j	2.396	-0.726
100	5	average	7n4j	3.216	-1.546
100	5	single	7n4j	4.211	-2.541
100	10	complete	7n4j	2.396	-0.726
100	10	average	7n4j	2.396	-0.726
100	10	single	7n4j	4.211	-2.541
100	15	complete	7n4j	2.904	-1.234
100	15	average	7n4j	2.396	-0.726
100	15	single	7n4j	4.211	-2.541
100	20	complete	7n4j	2.904	-1.234
100	20	average	7n4j	2.396	-0.726
100	20	single	7n4j	3.216	-1.546
100	30	complete	7n4j	2.270	-0.600
100	30	average	7n4j	2.529	-0.859
100	30	single	7n4j	2.396	-0.726
100	40	complete	7n4j	2.270	-0.600
100	40	average	7n4j	2.529	-0.859
100	40	single	7n4j	2.396	-0.726
100	ALL	-	7n4j	1.962	-0.292
200	5	complete	7n4j	2.729	-1.059
200	5	average	7n4j	3.082	-1.412
200	5	single	7n4j	2.396	-0.726
200	10	complete	7n4j	2.729	-1.059
200	10	average	7n4j	2.823	-1.153
200	10	single	7n4j	2.396	-0.726
200	15	complete	7n4j	2.729	-1.059
200	15	average	7n4j	2.823	-1.153
200	15	single	7n4j	2.396	-0.726
200	20	complete	7n4j	2.729	-1.059
200	20	average	7n4j	2.823	-1.153
200	20	single	7n4j	2.396	-0.726
200	30	complete	7n4j	2.729	-1.059
200	30	average	7n4j	1.962	-0.292
200	30	single	7n4j	2.396	-0.726
200	40	complete	7n4j	1.926	-0.256
200	40	average	7n4j	1.962	-0.292
200	40	single	7n4j	2.823	-1.153
200	ALL	-	7n4j	1.926	-0.256
500	5	complete	7n4j	2.429	-0.759
500	5	average	7n4j	2.895	-1.225
500	5	single	7n4j	2.125	-0.455
500	10	complete	7n4j	2.429	-0.759
500	10	average	7n4j	2.895	-1.225
500	10	single	7n4j	2.125	-0.455
500	15	complete	7n4j	2.429	-0.759
500	15	average	7n4j	2.605	-0.935
500	15	single	7n4j	2.125	-0.455
500	20	complete	7n4j	2.429	-0.759
500	20	average	7n4j	2.605	-0.935
500	20	single	7n4j	2.125	-0.455
500	30	complete	7n4j	2.605	-0.935
500	30	average	7n4j	2.605	-0.935
500	30	single	7n4j	2.125	-0.455
500	40	complete	7n4j	2.605	-0.935
500	40	average	7n4j	2.605	-0.935
500	40	single	7n4j	2.125	-0.455
500	ALL	-	7n4j	1.926	-0.256
1000	5	complete	7n4j	2.895	-1.225
1000	5	average	7n4j	2.125	-0.455
1000	5	single	7n4j	2.125	-0.455
1000	10	complete	7n4j	2.750	-1.080
1000	10	average	7n4j	2.396	-0.726
1000	10	single	7n4j	2.125	-0.455
1000	15	complete	7n4j	2.508	-0.838
1000	15	average	7n4j	2.605	-0.935
1000	15	single	7n4j	2.125	-0.455
1000	20	complete	7n4j	2.713	-1.043
1000	20	average	7n4j	2.605	-0.935
1000	20	single	7n4j	2.125	-0.455
1000	30	complete	7n4j	2.713	-1.043
1000	30	average	7n4j	2.605	-0.935
1000	30	single	7n4j	2.125	-0.455
1000	40	complete	7n4j	2.721	-1.051
1000	40	average	7n4j	2.605	-0.935
1000	40	single	7n4j	2.125	-0.455
1000	ALL	-	7n4j	1.926	-0.256
10	5	complete	7np1	6.285	-1.290
10	5	average	7np1	6.285	-1.290
10	5	single	7np1	6.285	-1.290
10	10	complete	7np1	6.210	-1.215
10	10	average	7np1	6.210	-1.215
10	10	single	7np1	6.210	-1.215
10	ALL	-	7np1	6.210	-1.215
20	5	complete	7np1	4.252	0.743
20	5	average	7np1	4.252	0.743
20	5	single	7np1	4.252	0.743
20	10	complete	7np1	4.252	0.743
20	10	average	7np1	4.252	0.743
20	10	single	7np1	4.252	0.743
20	15	complete	7np1	4.252	0.743
20	15	average	7np1	4.252	0.743
20	15	single	7np1	4.252	0.743
20	20	complete	7np1	4.252	0.743
20	20	average	7np1	4.252	0.743
20	20	single	7np1	4.252	0.743
20	ALL	-	7np1	4.252	0.743
50	5	complete	7np1	4.252	0.743
50	5	average	7np1	4.252	0.743
50	5	single	7np1	4.252	0.743
50	10	complete	7np1	4.252	0.743
50	10	average	7np1	4.252	0.743
50	10	single	7np1	4.252	0.743
50	15	complete	7np1	4.252	0.743
50	15	average	7np1	4.252	0.743
50	15	single	7np1	4.252	0.743
50	20	complete	7np1	4.252	0.743
50	20	average	7np1	4.252	0.743
50	20	single	7np1	4.252	0.743
50	30	complete	7np1	4.252	0.743
50	30	average	7np1	4.252	0.743
50	30	single	7np1	4.252	0.743
50	40	complete	7np1	4.252	0.743
50	40	average	7np1	4.252	0.743
50	40	single	7np1	4.252	0.743
50	ALL	-	7np1	4.252	0.743
100	5	complete	7np1	5.690	-0.695
100	5	average	7np1	4.252	0.743
100	5	single	7np1	4.252	0.743
100	10	complete	7np1	4.252	0.743
100	10	average	7np1	4.252	0.743
100	10	single	7np1	4.252	0.743
100	15	complete	7np1	4.252	0.743
100	15	average	7np1	4.252	0.743
100	15	single	7np1	4.252	0.743
100	20	complete	7np1	4.252	0.743
100	20	average	7np1	4.252	0.743
100	20	single	7np1	4.252	0.743
100	30	complete	7np1	4.252	0.743
100	30	average	7np1	4.252	0.743
100	30	single	7np1	4.252	0.743
100	40	complete	7np1	4.252	0.743
100	40	average	7np1	4.252	0.743
100	40	single	7np1	4.252	0.743
100	ALL	-	7np1	4.252	0.743
200	5	complete	7np1	5.836	-0.841
200	5	average	7np1	4.552	0.443
200	5	single	7np1	4.552	0.443
200	10	complete	7np1	4.552	0.443
200	10	average	7np1	4.552	0.443
200	10	single	7np1	2.875	2.120
200	15	complete	7np1	4.552	0.443
200	15	average	7np1	4.252	0.743
200	15	single	7np1	2.875	2.120
200	20	complete	7np1	4.252	0.743
200	20	average	7np1	4.252	0.743
200	20	single	7np1	2.875	2.120
200	30	complete	7np1	4.252	0.743
200	30	average	7np1	2.875	2.120
200	30	single	7np1	2.875	2.120
200	40	complete	7np1	2.875	2.120
200	40	average	7np1	2.875	2.120
200	40	single	7np1	2.875	2.120
200	ALL	-	7np1	2.875	2.120
500	5	complete	7np1	4.336	0.659
500	5	average	7np1	5.811	-0.816
500	5	single	7np1	5.690	-0.695
500	10	complete	7np1	4.552	0.443
500	10	average	7np1	4.552	0.443
500	10	single	7np1	4.252	0.743
500	15	complete	7np1	4.552	0.443
500	15	average	7np1	4.552	0.443
500	15	single	7np1	2.875	2.120
500	20	complete	7np1	4.552	0.443
500	20	average	7np1	4.336	0.659
500	20	single	7np1	2.875	2.120
500	30	complete	7np1	4.552	0.443
500	30	average	7np1	4.252	0.743
500	30	single	7np1	2.875	2.120
500	40	complete	7np1	4.252	0.743
500	40	average	7np1	2.875	2.120
500	40	single	7np1	2.875	2.120
500	ALL	-	7np1	2.875	2.120
1000	5	complete	7np1	5.929	-0.934
1000	5	average	7np1	5.836	-0.841
1000	5	single	7np1	4.953	0.042
1000	10	complete	7np1	3.620	1.375
1000	10	average	7np1	3.620	1.375
1000	10	single	7np1	4.953	0.042
1000	15	complete	7np1	3.620	1.375
1000	15	average	7np1	3.620	1.375
1000	15	single	7np1	3.620	1.375
1000	20	complete	7np1	3.620	1.375
1000	20	average	7np1	3.620	1.375
1000	20	single	7np1	3.620	1.375
1000	30	complete	7np1	3.620	1.375
1000	30	average	7np1	3.620	1.375
1000	30	single	7np1	2.875	2.120
1000	40	complete	7np1	3.620	1.375
1000	40	average	7np1	3.620	1.375
1000	40	single	7np1	2.875	2.120
1000	ALL	-	7np1	2.875	2.120
10	5	complete	7nx3	3.730	-1.682
10	5	average	7nx3	3.730	-1.682
10	5	single	7nx3	3.730	-1.682
10	10	complete	7nx3	3.382	-1.334
10	10	average	7nx3	3.382	-1.334
10	10	single	7nx3	3.382	-1.334
10	ALL	-	7nx3	3.382	-1.334
20	5	complete	7nx3	3.730	-1.682
20	5	average	7nx3	3.730	-1.682
20	5	single	7nx3	3.730	-1.682
20	10	complete	7nx3	3.730	-1.682
20	10	average	7nx3	3.382	-1.334
20	10	single	7nx3	3.382	-1.334
20	15	complete	7nx3	3.382	-1.334
20	15	average	7nx3	3.382	-1.334
20	15	single	7nx3	3.382	-1.334
20	20	complete	7nx3	3.382	-1.334
20	20	average	7nx3	3.382	-1.334
20	20	single	7nx3	3.382	-1.334
20	ALL	-	7nx3	3.382	-1.334
50	5	complete	7nx3	2.969	-0.921
50	5	average	7nx3	2.969	-0.921
50	5	single	7nx3	2.552	-0.504
50	10	complete	7nx3	2.969	-0.921
50	10	average	7nx3	2.552	-0.504
50	10	single	7nx3	2.552	-0.504
50	15	complete	7nx3	2.552	-0.504
50	15	average	7nx3	2.552	-0.504
50	15	single	7nx3	2.552	-0.504
50	20	complete	7nx3	2.552	-0.504
50	20	average	7nx3	2.552	-0.504
50	20	single	7nx3	2.552	-0.504
50	30	complete	7nx3	2.552	-0.504
50	30	average	7nx3	2.552	-0.504
50	30	single	7nx3	2.552	-0.504
50	40	complete	7nx3	2.552	-0.504
50	40	average	7nx3	2.552	-0.504
50	40	single	7nx3	2.552	-0.504
50	ALL	-	7nx3	2.552	-0.504
100	5	complete	7nx3	2.552	-0.504
100	5	average	7nx3	2.552	-0.504
100	5	single	7nx3	2.552	-0.504
100	10	complete	7nx3	2.552	-0.504
100	10	average	7nx3	2.552	-0.504
100	10	single	7nx3	2.552	-0.504
100	15	complete	7nx3	2.552	-0.504
100	15	average	7nx3	2.552	-0.504
100	15	single	7nx3	2.552	-0.504
100	20	complete	7nx3	2.552	-0.504
100	20	average	7nx3	2.552	-0.504
100	20	single	7nx3	2.475	-0.427
100	30	complete	7nx3	2.552	-0.504
100	30	average	7nx3	2.552	-0.504
100	30	single	7nx3	2.475	-0.427
100	40	complete	7nx3	2.552	-0.504
100	40	average	7nx3	2.475	-0.427
100	40	single	7nx3	2.475	-0.427
100	ALL	-	7nx3	2.475	-0.427
200	5	complete	7nx3	2.969	-0.921
200	5	average	7nx3	2.969	-0.921
200	5	single	7nx3	3.227	-1.179
200	10	complete	7nx3	2.552	-0.504
200	10	average	7nx3	2.552	-0.504
200	10	single	7nx3	2.492	-0.444
200	15	complete	7nx3	2.492	-0.444
200	15	average	7nx3	2.492	-0.444
200	15	single	7nx3	2.492	-0.444
200	20	complete	7nx3	2.492	-0.444
200	20	average	7nx3	2.492	-0.444
200	20	single	7nx3	2.355	-0.307
200	30	complete	7nx3	2.492	-0.444
200	30	average	7nx3	2.492	-0.444
200	30	single	7nx3	2.355	-0.307
200	40	complete	7nx3	2.492	-0.444
200	40	average	7nx3	2.492	-0.444
200	40	single	7nx3	2.355	-0.307
200	ALL	-	7nx3	2.355	-0.307
500	5	complete	7nx3	3.144	-1.096
500	5	average	7nx3	2.402	-0.354
500	5	single	7nx3	3.227	-1.179
500	10	complete	7nx3	2.492	-0.444
500	10	average	7nx3	2.475	-0.427
500	10	single	7nx3	2.492	-0.444
500	15	complete	7nx3	2.475	-0.427
500	15	average	7nx3	2.457	-0.409
500	15	single	7nx3	2.492	-0.444
500	20	complete	7nx3	2.475	-0.427
500	20	average	7nx3	2.457	-0.409
500	20	single	7nx3	2.355	-0.307
500	30	complete	7nx3	2.475	-0.427
500	30	average	7nx3	2.457	-0.409
500	30	single	7nx3	1.949	0.099
500	40	complete	7nx3	2.475	-0.427
500	40	average	7nx3	2.090	-0.042
500	40	single	7nx3	1.949	0.099
500	ALL	-	7nx3	1.949	0.099
1000	5	complete	7nx3	2.593	-0.545
1000	5	average	7nx3	2.593	-0.545
1000	5	single	7nx3	3.041	-0.993
1000	10	complete	7nx3	2.593	-0.545
1000	10	average	7nx3	2.355	-0.307
1000	10	single	7nx3	2.614	-0.566
1000	15	complete	7nx3	2.090	-0.042
1000	15	average	7nx3	2.355	-0.307
1000	15	single	7nx3	2.273	-0.225
1000	20	complete	7nx3	2.090	-0.042
1000	20	average	7nx3	2.457	-0.409
1000	20	single	7nx3	2.273	-0.225
1000	30	complete	7nx3	2.475	-0.427
1000	30	average	7nx3	2.216	-0.168
1000	30	single	7nx3	2.216	-0.168
1000	40	complete	7nx3	2.475	-0.427
1000	40	average	7nx3	2.216	-0.168
1000	40	single	7nx3	2.216	-0.168
1000	ALL	-	7nx3	1.923	0.125
10	5	complete	7phu	2.858	0.916
10	5	average	7phu	2.858	0.916
10	5	single	7phu	2.083	1.691
10	10	complete	7phu	2.083	1.691
10	10	average	7phu	2.083	1.691
10	10	single	7phu	2.083	1.691
10	ALL	-	7phu	2.083	1.691
20	5	complete	7phu	1.766	2.008
20	5	average	7phu	1.766	2.008
20	5	single	7phu	2.966	0.808
20	10	complete	7phu	1.766	2.008
20	10	average	7phu	1.766	2.008
20	10	single	7phu	2.441	1.333
20	15	complete	7phu	1.766	2.008
20	15	average	7phu	1.766	2.008
20	15	single	7phu	1.766	2.008
20	20	complete	7phu	1.766	2.008
20	20	average	7phu	1.766	2.008
20	20	single	7phu	1.766	2.008
20	ALL	-	7phu	1.766	2.008
50	5	complete	7phu	2.966	0.808
50	5	average	7phu	2.496	1.278
50	5	single	7phu	2.966	0.808
50	10	complete	7phu	2.357	1.417
50	10	average	7phu	2.357	1.417
50	10	single	7phu	2.966	0.808
50	15	complete	7phu	1.766	2.008
50	15	average	7phu	2.357	1.417
50	15	single	7phu	2.966	0.808
50	20	complete	7phu	1.766	2.008
50	20	average	7phu	1.766	2.008
50	20	single	7phu	2.966	0.808
50	30	complete	7phu	1.766	2.008
50	30	average	7phu	1.766	2.008
50	30	single	7phu	2.091	1.683
50	40	complete	7phu	1.766	2.008
50	40	average	7phu	1.766	2.008
50	40	single	7phu	1.766	2.008
50	ALL	-	7phu	1.766	2.008
100	5	complete	7phu	2.496	1.278
100	5	average	7phu	2.598	1.176
100	5	single	7phu	2.966	0.808
100	10	complete	7phu	2.496	1.278
100	10	average	7phu	2.598	1.176
100	10	single	7phu	2.966	0.808
100	15	complete	7phu	2.441	1.333
100	15	average	7phu	2.496	1.278
100	15	single	7phu	2.966	0.808
100	20	complete	7phu	2.441	1.333
100	20	average	7phu	2.097	1.677
100	20	single	7phu	2.966	0.808
100	30	complete	7phu	2.186	1.588
100	30	average	7phu	2.097	1.677
100	30	single	7phu	2.966	0.808
100	40	complete	7phu	1.766	2.008
100	40	average	7phu	1.766	2.008
100	40	single	7phu	2.283	1.491
100	ALL	-	7phu	1.766	2.008
200	5	complete	7phu	2.357	1.417
200	5	average	7phu	2.561	1.213
200	5	single	7phu	2.966	0.808
200	10	complete	7phu	2.357	1.417
200	10	average	7phu	2.561	1.213
200	10	single	7phu	2.966	0.808
200	15	complete	7phu	2.357	1.417
200	15	average	7phu	2.496	1.278
200	15	single	7phu	2.966	0.808
200	20	complete	7phu	2.357	1.417
200	20	average	7phu	2.496	1.278
200	20	single	7phu	2.966	0.808
200	30	complete	7phu	2.083	1.691
200	30	average	7phu	2.339	1.435
200	30	single	7phu	2.966	0.808
200	40	complete	7phu	2.083	1.691
200	40	average	7phu	2.186	1.588
200	40	single	7phu	2.966	0.808
200	ALL	-	7phu	1.114	2.660
500	5	complete	7phu	1.818	1.956
500	5	average	7phu	2.527	1.247
500	5	single	7phu	2.966	0.808
500	10	complete	7phu	1.818	1.956
500	10	average	7phu	1.818	1.956
500	10	single	7phu	2.966	0.808
500	15	complete	7phu	1.888	1.886
500	15	average	7phu	1.818	1.956
500	15	single	7phu	2.966	0.808
500	20	complete	7phu	2.186	1.588
500	20	average	7phu	1.818	1.956
500	20	single	7phu	2.966	0.808
500	30	complete	7phu	2.186	1.588
500	30	average	7phu	2.303	1.471
500	30	single	7phu	2.966	0.808
500	40	complete	7phu	2.186	1.588
500	40	average	7phu	2.186	1.588
500	40	single	7phu	2.966	0.808
500	ALL	-	7phu	1.114	2.660
1000	5	complete	7phu	2.545	1.229
1000	5	average	7phu	2.966	0.808
1000	5	single	7phu	2.966	0.808
1000	10	complete	7phu	2.545	1.229
1000	10	average	7phu	2.545	1.229
1000	10	single	7phu	2.966	0.808
1000	15	complete	7phu	2.202	1.572
1000	15	average	7phu	2.545	1.229
1000	15	single	7phu	2.966	0.808
1000	20	complete	7phu	2.202	1.572
1000	20	average	7phu	2.545	1.229
1000	20	single	7phu	2.966	0.808
1000	30	complete	7phu	2.128	1.646
1000	30	average	7phu	2.545	1.229
1000	30	single	7phu	2.966	0.808
1000	40	complete	7phu	2.128	1.646
1000	40	average	7phu	2.545	1.229
1000	40	single	7phu	2.966	0.808
1000	ALL	-	7phu	1.114	2.660
10	5	complete	7phw	2.475	0.372
10	5	average	7phw	2.475	0.372
10	5	single	7phw	2.475	0.372
10	10	complete	7phw	2.475	0.372
10	10	average	7phw	2.475	0.372
10	10	single	7phw	2.475	0.372
10	ALL	-	7phw	2.475	0.372
20	5	complete	7phw	2.532	0.315
20	5	average	7phw	2.532	0.315
20	5	single	7phw	2.265	0.582
20	10	complete	7phw	2.475	0.372
20	10	average	7phw	2.475	0.372
20	10	single	7phw	2.475	0.372
20	15	complete	7phw	2.265	0.582
20	15	average	7phw	2.265	0.582
20	15	single	7phw	2.265	0.582
20	20	complete	7phw	2.265	0.582
20	20	average	7phw	2.265	0.582
20	20	single	7phw	2.265	0.582
20	ALL	-	7phw	2.265	0.582
50	5	complete	7phw	3.450	-0.603
50	5	average	7phw	3.037	-0.190
50	5	single	7phw	3.450	-0.603
50	10	complete	7phw	2.532	0.315
50	10	average	7phw	2.532	0.315
50	10	single	7phw	3.450	-0.603
50	15	complete	7phw	2.532	0.315
50	15	average	7phw	2.532	0.315
50	15	single	7phw	3.038	-0.191
50	20	complete	7phw	2.532	0.315
50	20	average	7phw	2.532	0.315
50	20	single	7phw	2.348	0.499
50	30	complete	7phw	2.348	0.499
50	30	average	7phw	2.348	0.499
50	30	single	7phw	2.265	0.582
50	40	complete	7phw	2.265	0.582
50	40	average	7phw	2.265	0.582
50	40	single	7phw	2.265	0.582
50	ALL	-	7phw	1.456	1.391
100	5	complete	7phw	3.184	-0.337
100	5	average	7phw	3.184	-0.337
100	5	single	7phw	3.519	-0.672
100	10	complete	7phw	3.184	-0.337
100	10	average	7phw	2.532	0.315
100	10	single	7phw	3.409	-0.562
100	15	complete	7phw	3.184	-0.337
100	15	average	7phw	2.532	0.315
100	15	single	7phw	3.409	-0.562
100	20	complete	7phw	2.475	0.372
100	20	average	7phw	2.532	0.315
100	20	single	7phw	3.038	-0.191
100	30	complete	7phw	2.475	0.372
100	30	average	7phw	2.475	0.372
100	30	single	7phw	2.762	0.085
100	40	complete	7phw	2.348	0.499
100	40	average	7phw	2.348	0.499
100	40	single	7phw	2.475	0.372
100	ALL	-	7phw	1.456	1.391
200	5	complete	7phw	2.532	0.315
200	5	average	7phw	2.502	0.345
200	5	single	7phw	2.958	-0.111
200	10	complete	7phw	2.594	0.253
200	10	average	7phw	2.502	0.345
200	10	single	7phw	2.958	-0.111
200	15	complete	7phw	2.498	0.349
200	15	average	7phw	2.361	0.486
200	15	single	7phw	2.958	-0.111
200	20	complete	7phw	2.498	0.349
200	20	average	7phw	2.361	0.486
200	20	single	7phw	2.958	-0.111
200	30	complete	7phw	2.498	0.349
200	30	average	7phw	2.502	0.345
200	30	single	7phw	2.958	-0.111
200	40	complete	7phw	2.498	0.349
200	40	average	7phw	2.498	0.349
200	40	single	7phw	2.602	0.245
200	ALL	-	7phw	1.456	1.391
500	5	complete	7phw	2.596	0.251
500	5	average	7phw	2.836	0.011
500	5	single	7phw	3.003	-0.156
500	10	complete	7phw	2.459	0.388
500	10	average	7phw	2.459	0.388
500	10	single	7phw	2.836	0.011
500	15	complete	7phw	2.271	0.576
500	15	average	7phw	2.459	0.388
500	15	single	7phw	2.836	0.011
500	20	complete	7phw	2.249	0.598
500	20	average	7phw	2.459	0.388
500	20	single	7phw	2.836	0.011
500	30	complete	7phw	2.163	0.684
500	30	average	7phw	2.459	0.388
500	30	single	7phw	2.836	0.011
500	40	complete	7phw	2.163	0.684
500	40	average	7phw	2.271	0.576
500	40	single	7phw	2.836	0.011
500	ALL	-	7phw	1.456	1.391
1000	5	complete	7phw	3.003	-0.156
1000	5	average	7phw	3.003	-0.156
1000	5	single	7phw	3.003	-0.156
1000	10	complete	7phw	3.222	-0.375
1000	10	average	7phw	3.003	-0.156
1000	10	single	7phw	3.003	-0.156
1000	15	complete	7phw	2.365	0.482
1000	15	average	7phw	3.003	-0.156
1000	15	single	7phw	3.003	-0.156
1000	20	complete	7phw	2.365	0.482
1000	20	average	7phw	2.459	0.388
1000	20	single	7phw	3.003	-0.156
1000	30	complete	7phw	2.365	0.482
1000	30	average	7phw	2.485	0.362
1000	30	single	7phw	3.003	-0.156
1000	40	complete	7phw	2.365	0.482
1000	40	average	7phw	2.485	0.362
1000	40	single	7phw	3.003	-0.156
1000	ALL	-	7phw	1.256	1.591
10	5	complete	7pr0	8.650	-4.893
10	5	average	7pr0	8.650	-4.893
10	5	single	7pr0	8.650	-4.893
10	10	complete	7pr0	8.650	-4.893
10	10	average	7pr0	8.650	-4.893
10	10	single	7pr0	8.650	-4.893
10	ALL	-	7pr0	8.650	-4.893
20	5	complete	7pr0	8.996	-5.239
20	5	average	7pr0	8.996	-5.239
20	5	single	7pr0	5.387	-1.630
20	10	complete	7pr0	5.387	-1.630
20	10	average	7pr0	5.387	-1.630
20	10	single	7pr0	5.387	-1.630
20	15	complete	7pr0	5.387	-1.630
20	15	average	7pr0	5.387	-1.630
20	15	single	7pr0	5.387	-1.630
20	20	complete	7pr0	5.387	-1.630
20	20	average	7pr0	5.387	-1.630
20	20	single	7pr0	5.387	-1.630
20	ALL	-	7pr0	5.387	-1.630
50	5	complete	7pr0	8.650	-4.893
50	5	average	7pr0	8.650	-4.893
50	5	single	7pr0	8.650	-4.893
50	10	complete	7pr0	8.650	-4.893
50	10	average	7pr0	5.421	-1.664
50	10	single	7pr0	5.421	-1.664
50	15	complete	7pr0	5.387	-1.630
50	15	average	7pr0	5.421	-1.664
50	15	single	7pr0	5.421	-1.664
50	20	complete	7pr0	5.387	-1.630
50	20	average	7pr0	5.421	-1.664
50	20	single	7pr0	5.421	-1.664
50	30	complete	7pr0	5.387	-1.630
50	30	average	7pr0	5.387	-1.630
50	30	single	7pr0	5.387	-1.630
50	40	complete	7pr0	5.387	-1.630
50	40	average	7pr0	5.387	-1.630
50	40	single	7pr0	5.387	-1.630
50	ALL	-	7pr0	5.387	-1.630
100	5	complete	7pr0	5.387	-1.630
100	5	average	7pr0	5.387	-1.630
100	5	single	7pr0	11.056	-7.299
100	10	complete	7pr0	5.387	-1.630
100	10	average	7pr0	5.387	-1.630
100	10	single	7pr0	8.650	-4.893
100	15	complete	7pr0	5.387	-1.630
100	15	average	7pr0	5.387	-1.630
100	15	single	7pr0	8.650	-4.893
100	20	complete	7pr0	5.387	-1.630
100	20	average	7pr0	5.387	-1.630
100	20	single	7pr0	8.123	-4.366
100	30	complete	7pr0	5.421	-1.664
100	30	average	7pr0	5.421	-1.664
100	30	single	7pr0	8.123	-4.366
100	40	complete	7pr0	5.387	-1.630
100	40	average	7pr0	5.421	-1.664
100	40	single	7pr0	5.421	-1.664
100	ALL	-	7pr0	5.387	-1.630
200	5	complete	7pr0	5.387	-1.630
200	5	average	7pr0	5.387	-1.630
200	5	single	7pr0	11.056	-7.299
200	10	complete	7pr0	5.387	-1.630
200	10	average	7pr0	5.387	-1.630
200	10	single	7pr0	7.920	-4.163
200	15	complete	7pr0	5.387	-1.630
200	15	average	7pr0	5.387	-1.630
200	15	single	7pr0	7.920	-4.163
200	20	complete	7pr0	5.387	-1.630
200	20	average	7pr0	5.387	-1.630
200	20	single	7pr0	7.414	-3.657
200	30	complete	7pr0	5.387	-1.630
200	30	average	7pr0	5.387	-1.630
200	30	single	7pr0	7.414	-3.657
200	40	complete	7pr0	5.387	-1.630
200	40	average	7pr0	5.387	-1.630
200	40	single	7pr0	6.630	-2.873
200	ALL	-	7pr0	5.286	-1.529
500	5	complete	7pr0	7.002	-3.245
500	5	average	7pr0	5.387	-1.630
500	5	single	7pr0	5.925	-2.168
500	10	complete	7pr0	7.002	-3.245
500	10	average	7pr0	5.387	-1.630
500	10	single	7pr0	5.925	-2.168
500	15	complete	7pr0	5.387	-1.630
500	15	average	7pr0	5.387	-1.630
500	15	single	7pr0	5.925	-2.168
500	20	complete	7pr0	5.527	-1.770
500	20	average	7pr0	5.387	-1.630
500	20	single	7pr0	5.925	-2.168
500	30	complete	7pr0	5.387	-1.630
500	30	average	7pr0	5.387	-1.630
500	30	single	7pr0	5.925	-2.168
500	40	complete	7pr0	5.421	-1.664
500	40	average	7pr0	5.387	-1.630
500	40	single	7pr0	5.925	-2.168
500	ALL	-	7pr0	4.992	-1.235
1000	5	complete	7pr0	5.387	-1.630
1000	5	average	7pr0	7.002	-3.245
1000	5	single	7pr0	6.983	-3.226
1000	10	complete	7pr0	5.387	-1.630
1000	10	average	7pr0	7.002	-3.245
1000	10	single	7pr0	6.983	-3.226
1000	15	complete	7pr0	5.387	-1.630
1000	15	average	7pr0	5.119	-1.362
1000	15	single	7pr0	6.983	-3.226
1000	20	complete	7pr0	5.119	-1.362
1000	20	average	7pr0	5.119	-1.362
1000	20	single	7pr0	6.983	-3.226
1000	30	complete	7pr0	5.119	-1.362
1000	30	average	7pr0	5.170	-1.413
1000	30	single	7pr0	5.925	-2.168
1000	40	complete	7pr0	5.119	-1.362
1000	40	average	7pr0	5.170	-1.413
1000	40	single	7pr0	5.744	-1.987
1000	ALL	-	7pr0	4.077	-0.320
10	5	complete	7ps2	3.887	0.289
10	5	average	7ps2	4.119	0.057
10	5	single	7ps2	4.119	0.057
10	10	complete	7ps2	3.887	0.289
10	10	average	7ps2	3.887	0.289
10	10	single	7ps2	3.887	0.289
10	ALL	-	7ps2	3.887	0.289
20	5	complete	7ps2	4.119	0.057
20	5	average	7ps2	4.119	0.057
20	5	single	7ps2	4.119	0.057
20	10	complete	7ps2	3.887	0.289
20	10	average	7ps2	4.119	0.057
20	10	single	7ps2	4.119	0.057
20	15	complete	7ps2	3.887	0.289
20	15	average	7ps2	3.887	0.289
20	15	single	7ps2	3.887	0.289
20	20	complete	7ps2	3.590	0.586
20	20	average	7ps2	3.590	0.586
20	20	single	7ps2	3.590	0.586
20	ALL	-	7ps2	3.590	0.586
50	5	complete	7ps2	4.119	0.057
50	5	average	7ps2	4.119	0.057
50	5	single	7ps2	4.119	0.057
50	10	complete	7ps2	4.119	0.057
50	10	average	7ps2	4.119	0.057
50	10	single	7ps2	2.479	1.697
50	15	complete	7ps2	4.119	0.057
50	15	average	7ps2	2.479	1.697
50	15	single	7ps2	2.479	1.697
50	20	complete	7ps2	4.119	0.057
50	20	average	7ps2	2.479	1.697
50	20	single	7ps2	2.479	1.697
50	30	complete	7ps2	2.479	1.697
50	30	average	7ps2	2.479	1.697
50	30	single	7ps2	2.479	1.697
50	40	complete	7ps2	2.479	1.697
50	40	average	7ps2	2.479	1.697
50	40	single	7ps2	2.479	1.697
50	ALL	-	7ps2	2.479	1.697
100	5	complete	7ps2	4.882	-0.706
100	5	average	7ps2	4.963	-0.787
100	5	single	7ps2	4.963	-0.787
100	10	complete	7ps2	4.284	-0.108
100	10	average	7ps2	4.119	0.057
100	10	single	7ps2	4.119	0.057
100	15	complete	7ps2	4.119	0.057
100	15	average	7ps2	4.119	0.057
100	15	single	7ps2	4.119	0.057
100	20	complete	7ps2	4.119	0.057
100	20	average	7ps2	2.479	1.697
100	20	single	7ps2	4.119	0.057
100	30	complete	7ps2	4.119	0.057
100	30	average	7ps2	2.479	1.697
100	30	single	7ps2	2.479	1.697
100	40	complete	7ps2	4.119	0.057
100	40	average	7ps2	2.479	1.697
100	40	single	7ps2	2.479	1.697
100	ALL	-	7ps2	2.479	1.697
200	5	complete	7ps2	4.467	-0.291
200	5	average	7ps2	4.963	-0.787
200	5	single	7ps2	4.963	-0.787
200	10	complete	7ps2	4.119	0.057
200	10	average	7ps2	4.119	0.057
200	10	single	7ps2	4.119	0.057
200	15	complete	7ps2	4.119	0.057
200	15	average	7ps2	4.119	0.057
200	15	single	7ps2	4.119	0.057
200	20	complete	7ps2	4.119	0.057
200	20	average	7ps2	4.119	0.057
200	20	single	7ps2	4.119	0.057
200	30	complete	7ps2	4.119	0.057
200	30	average	7ps2	4.119	0.057
200	30	single	7ps2	3.352	0.824
200	40	complete	7ps2	2.479	1.697
200	40	average	7ps2	2.479	1.697
200	40	single	7ps2	2.479	1.697
200	ALL	-	7ps2	2.479	1.697
500	5	complete	7ps2	4.810	-0.634
500	5	average	7ps2	5.043	-0.867
500	5	single	7ps2	5.043	-0.867
500	10	complete	7ps2	4.810	-0.634
500	10	average	7ps2	5.043	-0.867
500	10	single	7ps2	5.043	-0.867
500	15	complete	7ps2	2.479	1.697
500	15	average	7ps2	2.444	1.732
500	15	single	7ps2	4.119	0.057
500	20	complete	7ps2	2.479	1.697
500	20	average	7ps2	2.444	1.732
500	20	single	7ps2	4.119	0.057
500	30	complete	7ps2	2.479	1.697
500	30	average	7ps2	2.444	1.732
500	30	single	7ps2	3.352	0.824
500	40	complete	7ps2	2.479	1.697
500	40	average	7ps2	2.444	1.732
500	40	single	7ps2	3.352	0.824
500	ALL	-	7ps2	2.429	1.747
1000	5	complete	7ps2	4.268	-0.092
1000	5	average	7ps2	4.984	-0.808
1000	5	single	7ps2	4.984	-0.808
1000	10	complete	7ps2	4.499	-0.323
1000	10	average	7ps2	4.279	-0.103
1000	10	single	7ps2	4.984	-0.808
1000	15	complete	7ps2	4.499	-0.323
1000	15	average	7ps2	2.429	1.747
1000	15	single	7ps2	4.984	-0.808
1000	20	complete	7ps2	4.293	-0.117
1000	20	average	7ps2	2.429	1.747
1000	20	single	7ps2	4.984	-0.808
1000	30	complete	7ps2	4.022	0.154
1000	30	average	7ps2	2.429	1.747
1000	30	single	7ps2	3.891	0.285
1000	40	complete	7ps2	3.960	0.216
1000	40	average	7ps2	2.799	1.377
1000	40	single	7ps2	3.891	0.285
1000	ALL	-	7ps2	2.429	1.747
10	5	complete	7ps6	2.018	-0.416
10	5	average	7ps6	2.018	-0.416
10	5	single	7ps6	2.018	-0.416
10	10	complete	7ps6	1.968	-0.366
10	10	average	7ps6	1.968	-0.366
10	10	single	7ps6	1.968	-0.366
10	ALL	-	7ps6	1.968	-0.366
20	5	complete	7ps6	2.018	-0.416
20	5	average	7ps6	2.607	-1.005
20	5	single	7ps6	2.607	-1.005
20	10	complete	7ps6	2.018	-0.416
20	10	average	7ps6	2.607	-1.005
20	10	single	7ps6	2.018	-0.416
20	15	complete	7ps6	1.968	-0.366
20	15	average	7ps6	1.968	-0.366
20	15	single	7ps6	1.968	-0.366
20	20	complete	7ps6	1.968	-0.366
20	20	average	7ps6	1.968	-0.366
20	20	single	7ps6	1.968	-0.366
20	ALL	-	7ps6	1.968	-0.366
50	5	complete	7ps6	3.110	-1.508
50	5	average	7ps6	1.892	-0.290
50	5	single	7ps6	2.607	-1.005
50	10	complete	7ps6	1.997	-0.395
50	10	average	7ps6	1.892	-0.290
50	10	single	7ps6	2.607	-1.005
50	15	complete	7ps6	1.997	-0.395
50	15	average	7ps6	1.997	-0.395
50	15	single	7ps6	2.607	-1.005
50	20	complete	7ps6	1.997	-0.395
50	20	average	7ps6	1.997	-0.395
50	20	single	7ps6	1.968	-0.366
50	30	complete	7ps6	1.968	-0.366
50	30	average	7ps6	1.968	-0.366
50	30	single	7ps6	1.968	-0.366
50	40	complete	7ps6	1.892	-0.290
50	40	average	7ps6	1.892	-0.290
50	40	single	7ps6	1.892	-0.290
50	ALL	-	7ps6	1.892	-0.290
100	5	complete	7ps6	1.829	-0.227
100	5	average	7ps6	1.891	-0.289
100	5	single	7ps6	1.437	0.165
100	10	complete	7ps6	1.891	-0.289
100	10	average	7ps6	1.437	0.165
100	10	single	7ps6	1.437	0.165
100	15	complete	7ps6	1.891	-0.289
100	15	average	7ps6	1.437	0.165
100	15	single	7ps6	2.607	-1.005
100	20	complete	7ps6	1.891	-0.289
100	20	average	7ps6	1.437	0.165
100	20	single	7ps6	1.437	0.165
100	30	complete	7ps6	1.891	-0.289
100	30	average	7ps6	1.891	-0.289
100	30	single	7ps6	2.607	-1.005
100	40	complete	7ps6	1.891	-0.289
100	40	average	7ps6	1.891	-0.289
100	40	single	7ps6	2.437	-0.835
100	ALL	-	7ps6	1.405	0.197
200	5	complete	7ps6	1.767	-0.165
200	5	average	7ps6	1.437	0.165
200	5	single	7ps6	2.235	-0.633
200	10	complete	7ps6	1.682	-0.080
200	10	average	7ps6	1.437	0.165
200	10	single	7ps6	2.235	-0.633
200	15	complete	7ps6	1.437	0.165
200	15	average	7ps6	1.437	0.165
200	15	single	7ps6	2.235	-0.633
200	20	complete	7ps6	1.437	0.165
200	20	average	7ps6	1.437	0.165
200	20	single	7ps6	2.235	-0.633
200	30	complete	7ps6	1.437	0.165
200	30	average	7ps6	1.437	0.165
200	30	single	7ps6	2.235	-0.633
200	40	complete	7ps6	1.682	-0.080
200	40	average	7ps6	1.891	-0.289
200	40	single	7ps6	2.235	-0.633
200	ALL	-	7ps6	1.313	0.289
500	5	complete	7ps6	1.511	0.091
500	5	average	7ps6	1.682	-0.080
500	5	single	7ps6	2.235	-0.633
500	10	complete	7ps6	1.362	0.240
500	10	average	7ps6	1.682	-0.080
500	10	single	7ps6	2.235	-0.633
500	15	complete	7ps6	1.563	0.039
500	15	average	7ps6	1.682	-0.080
500	15	single	7ps6	2.235	-0.633
500	20	complete	7ps6	1.563	0.039
500	20	average	7ps6	1.682	-0.080
500	20	single	7ps6	2.235	-0.633
500	30	complete	7ps6	1.534	0.068
500	30	average	7ps6	1.972	-0.370
500	30	single	7ps6	2.235	-0.633
500	40	complete	7ps6	1.534	0.068
500	40	average	7ps6	1.814	-0.212
500	40	single	7ps6	2.235	-0.633
500	ALL	-	7ps6	1.195	0.407
1000	5	complete	7ps6	1.515	0.087
1000	5	average	7ps6	2.011	-0.409
1000	5	single	7ps6	2.235	-0.633
1000	10	complete	7ps6	1.463	0.139
1000	10	average	7ps6	2.011	-0.409
1000	10	single	7ps6	2.235	-0.633
1000	15	complete	7ps6	1.463	0.139
1000	15	average	7ps6	2.011	-0.409
1000	15	single	7ps6	2.235	-0.633
1000	20	complete	7ps6	1.463	0.139
1000	20	average	7ps6	1.682	-0.080
1000	20	single	7ps6	2.235	-0.633
1000	30	complete	7ps6	1.362	0.240
1000	30	average	7ps6	1.682	-0.080
1000	30	single	7ps6	2.235	-0.633
1000	40	complete	7ps6	1.362	0.240
1000	40	average	7ps6	1.463	0.139
1000	40	single	7ps6	2.235	-0.633
1000	ALL	-	7ps6	1.130	0.472
10	5	complete	7qny	4.069	0.742
10	5	average	7qny	4.069	0.742
10	5	single	7qny	4.069	0.742
10	10	complete	7qny	3.875	0.936
10	10	average	7qny	3.875	0.936
10	10	single	7qny	3.875	0.936
10	ALL	-	7qny	3.875	0.936
20	5	complete	7qny	5.572	-0.761
20	5	average	7qny	3.875	0.936
20	5	single	7qny	3.875	0.936
20	10	complete	7qny	3.875	0.936
20	10	average	7qny	3.875	0.936
20	10	single	7qny	3.875	0.936
20	15	complete	7qny	3.875	0.936
20	15	average	7qny	3.875	0.936
20	15	single	7qny	3.875	0.936
20	20	complete	7qny	3.793	1.018
20	20	average	7qny	3.793	1.018
20	20	single	7qny	3.793	1.018
20	ALL	-	7qny	3.793	1.018
50	5	complete	7qny	4.601	0.210
50	5	average	7qny	4.601	0.210
50	5	single	7qny	5.033	-0.222
50	10	complete	7qny	3.793	1.018
50	10	average	7qny	3.793	1.018
50	10	single	7qny	3.875	0.936
50	15	complete	7qny	3.793	1.018
50	15	average	7qny	3.793	1.018
50	15	single	7qny	3.875	0.936
50	20	complete	7qny	3.315	1.496
50	20	average	7qny	3.793	1.018
50	20	single	7qny	3.793	1.018
50	30	complete	7qny	3.315	1.496
50	30	average	7qny	3.315	1.496
50	30	single	7qny	3.793	1.018
50	40	complete	7qny	3.315	1.496
50	40	average	7qny	3.315	1.496
50	40	single	7qny	3.793	1.018
50	ALL	-	7qny	3.315	1.496
100	5	complete	7qny	4.601	0.210
100	5	average	7qny	4.601	0.210
100	5	single	7qny	5.033	-0.222
100	10	complete	7qny	3.285	1.526
100	10	average	7qny	3.584	1.227
100	10	single	7qny	3.853	0.958
100	15	complete	7qny	3.285	1.526
100	15	average	7qny	3.853	0.958
100	15	single	7qny	3.853	0.958
100	20	complete	7qny	3.285	1.526
100	20	average	7qny	3.853	0.958
100	20	single	7qny	3.853	0.958
100	30	complete	7qny	3.285	1.526
100	30	average	7qny	3.793	1.018
100	30	single	7qny	3.853	0.958
100	40	complete	7qny	3.285	1.526
100	40	average	7qny	3.793	1.018
100	40	single	7qny	3.853	0.958
100	ALL	-	7qny	3.148	1.663
200	5	complete	7qny	4.601	0.210
200	5	average	7qny	4.601	0.210
200	5	single	7qny	5.413	-0.602
200	10	complete	7qny	3.793	1.018
200	10	average	7qny	3.914	0.897
200	10	single	7qny	5.413	-0.602
200	15	complete	7qny	3.793	1.018
200	15	average	7qny	3.914	0.897
200	15	single	7qny	3.914	0.897
200	20	complete	7qny	3.584	1.227
200	20	average	7qny	3.914	0.897
200	20	single	7qny	3.914	0.897
200	30	complete	7qny	3.584	1.227
200	30	average	7qny	3.584	1.227
200	30	single	7qny	3.914	0.897
200	40	complete	7qny	3.584	1.227
200	40	average	7qny	3.584	1.227
200	40	single	7qny	3.875	0.936
200	ALL	-	7qny	3.148	1.663
500	5	complete	7qny	3.814	0.997
500	5	average	7qny	4.547	0.264
500	5	single	7qny	5.424	-0.613
500	10	complete	7qny	4.367	0.444
500	10	average	7qny	3.886	0.925
500	10	single	7qny	5.424	-0.613
500	15	complete	7qny	3.886	0.925
500	15	average	7qny	3.886	0.925
500	15	single	7qny	5.424	-0.613
500	20	complete	7qny	3.814	0.997
500	20	average	7qny	3.664	1.147
500	20	single	7qny	3.886	0.925
500	30	complete	7qny	3.315	1.496
500	30	average	7qny	3.413	1.398
500	30	single	7qny	3.886	0.925
500	40	complete	7qny	3.315	1.496
500	40	average	7qny	3.413	1.398
500	40	single	7qny	3.886	0.925
500	ALL	-	7qny	2.470	2.341
1000	5	complete	7qny	4.631	0.180
1000	5	average	7qny	5.413	-0.602
1000	5	single	7qny	6.271	-1.460
1000	10	complete	7qny	3.886	0.925
1000	10	average	7qny	3.886	0.925
1000	10	single	7qny	5.455	-0.644
1000	15	complete	7qny	3.886	0.925
1000	15	average	7qny	3.886	0.925
1000	15	single	7qny	5.455	-0.644
1000	20	complete	7qny	3.886	0.925
1000	20	average	7qny	3.664	1.147
1000	20	single	7qny	5.455	-0.644
1000	30	complete	7qny	3.680	1.131
1000	30	average	7qny	3.664	1.147
1000	30	single	7qny	3.914	0.897
1000	40	complete	7qny	3.680	1.131
1000	40	average	7qny	3.886	0.925
1000	40	single	7qny	3.914	0.897
1000	ALL	-	7qny	2.470	2.341
10	5	complete	7rfb	2.376	2.805
10	5	average	7rfb	5.650	-0.469
10	5	single	7rfb	5.650	-0.469
10	10	complete	7rfb	2.376	2.805
10	10	average	7rfb	2.376	2.805
10	10	single	7rfb	2.376	2.805
10	ALL	-	7rfb	2.376	2.805
20	5	complete	7rfb	4.202	0.979
20	5	average	7rfb	4.269	0.912
20	5	single	7rfb	4.269	0.912
20	10	complete	7rfb	2.376	2.805
20	10	average	7rfb	2.376	2.805
20	10	single	7rfb	4.269	0.912
20	15	complete	7rfb	2.376	2.805
20	15	average	7rfb	2.376	2.805
20	15	single	7rfb	2.376	2.805
20	20	complete	7rfb	2.376	2.805
20	20	average	7rfb	2.376	2.805
20	20	single	7rfb	2.376	2.805
20	ALL	-	7rfb	2.376	2.805
50	5	complete	7rfb	4.043	1.138
50	5	average	7rfb	4.043	1.138
50	5	single	7rfb	4.269	0.912
50	10	complete	7rfb	4.043	1.138
50	10	average	7rfb	4.043	1.138
50	10	single	7rfb	4.269	0.912
50	15	complete	7rfb	2.685	2.496
50	15	average	7rfb	4.043	1.138
50	15	single	7rfb	4.269	0.912
50	20	complete	7rfb	2.685	2.496
50	20	average	7rfb	2.376	2.805
50	20	single	7rfb	4.269	0.912
50	30	complete	7rfb	2.376	2.805
50	30	average	7rfb	2.376	2.805
50	30	single	7rfb	2.376	2.805
50	40	complete	7rfb	2.376	2.805
50	40	average	7rfb	2.376	2.805
50	40	single	7rfb	2.376	2.805
50	ALL	-	7rfb	2.376	2.805
100	5	complete	7rfb	4.269	0.912
100	5	average	7rfb	4.046	1.135
100	5	single	7rfb	5.550	-0.369
100	10	complete	7rfb	2.685	2.496
100	10	average	7rfb	4.046	1.135
100	10	single	7rfb	5.510	-0.329
100	15	complete	7rfb	2.685	2.496
100	15	average	7rfb	4.046	1.135
100	15	single	7rfb	4.269	0.912
100	20	complete	7rfb	2.376	2.805
100	20	average	7rfb	4.046	1.135
100	20	single	7rfb	4.269	0.912
100	30	complete	7rfb	2.376	2.805
100	30	average	7rfb	3.167	2.014
100	30	single	7rfb	4.269	0.912
100	40	complete	7rfb	2.376	2.805
100	40	average	7rfb	3.167	2.014
100	40	single	7rfb	2.376	2.805
100	ALL	-	7rfb	2.376	2.805
200	5	complete	7rfb	5.208	-0.027
200	5	average	7rfb	5.527	-0.346
200	5	single	7rfb	5.876	-0.695
200	10	complete	7rfb	2.806	2.375
200	10	average	7rfb	4.314	0.867
200	10	single	7rfb	5.824	-0.643
200	15	complete	7rfb	2.806	2.375
200	15	average	7rfb	2.806	2.375
200	15	single	7rfb	5.824	-0.643
200	20	complete	7rfb	2.806	2.375
200	20	average	7rfb	2.806	2.375
200	20	single	7rfb	5.510	-0.329
200	30	complete	7rfb	2.806	2.375
200	30	average	7rfb	2.806	2.375
200	30	single	7rfb	5.498	-0.317
200	40	complete	7rfb	2.806	2.375
200	40	average	7rfb	2.806	2.375
200	40	single	7rfb	5.208	-0.027
200	ALL	-	7rfb	2.376	2.805
500	5	complete	7rfb	4.551	0.630
500	5	average	7rfb	5.527	-0.346
500	5	single	7rfb	5.876	-0.695
500	10	complete	7rfb	3.008	2.173
500	10	average	7rfb	4.269	0.912
500	10	single	7rfb	5.876	-0.695
500	15	complete	7rfb	3.008	2.173
500	15	average	7rfb	3.708	1.473
500	15	single	7rfb	5.876	-0.695
500	20	complete	7rfb	2.806	2.375
500	20	average	7rfb	3.708	1.473
500	20	single	7rfb	5.824	-0.643
500	30	complete	7rfb	3.008	2.173
500	30	average	7rfb	3.708	1.473
500	30	single	7rfb	4.673	0.508
500	40	complete	7rfb	3.008	2.173
500	40	average	7rfb	2.806	2.375
500	40	single	7rfb	4.673	0.508
500	ALL	-	7rfb	2.376	2.805
1000	5	complete	7rfb	4.674	0.507
1000	5	average	7rfb	5.522	-0.341
1000	5	single	7rfb	6.178	-0.997
1000	10	complete	7rfb	4.674	0.507
1000	10	average	7rfb	5.522	-0.341
1000	10	single	7rfb	6.178	-0.997
1000	15	complete	7rfb	4.998	0.183
1000	15	average	7rfb	3.708	1.473
1000	15	single	7rfb	6.178	-0.997
1000	20	complete	7rfb	2.806	2.375
1000	20	average	7rfb	4.269	0.912
1000	20	single	7rfb	6.178	-0.997
1000	30	complete	7rfb	2.806	2.375
1000	30	average	7rfb	4.269	0.912
1000	30	single	7rfb	4.673	0.508
1000	40	complete	7rfb	2.806	2.375
1000	40	average	7rfb	4.269	0.912
1000	40	single	7rfb	4.673	0.508
1000	ALL	-	7rfb	2.376	2.805
10	5	complete	7s11	3.581	-1.647
10	5	average	7s11	3.581	-1.647
10	5	single	7s11	3.581	-1.647
10	10	complete	7s11	3.541	-1.607
10	10	average	7s11	3.541	-1.607
10	10	single	7s11	3.541	-1.607
10	ALL	-	7s11	3.541	-1.607
20	5	complete	7s11	3.581	-1.647
20	5	average	7s11	3.581	-1.647
20	5	single	7s11	3.581	-1.647
20	10	complete	7s11	3.850	-1.916
20	10	average	7s11	3.581	-1.647
20	10	single	7s11	3.581	-1.647
20	15	complete	7s11	3.541	-1.607
20	15	average	7s11	3.541	-1.607
20	15	single	7s11	3.581	-1.647
20	20	complete	7s11	3.541	-1.607
20	20	average	7s11	3.541	-1.607
20	20	single	7s11	3.541	-1.607
20	ALL	-	7s11	3.541	-1.607
50	5	complete	7s11	3.958	-2.024
50	5	average	7s11	4.877	-2.943
50	5	single	7s11	3.581	-1.647
50	10	complete	7s11	3.958	-2.024
50	10	average	7s11	1.899	0.035
50	10	single	7s11	1.899	0.035
50	15	complete	7s11	3.545	-1.611
50	15	average	7s11	1.899	0.035
50	15	single	7s11	1.899	0.035
50	20	complete	7s11	1.899	0.035
50	20	average	7s11	1.899	0.035
50	20	single	7s11	1.899	0.035
50	30	complete	7s11	1.899	0.035
50	30	average	7s11	1.899	0.035
50	30	single	7s11	1.899	0.035
50	40	complete	7s11	1.899	0.035
50	40	average	7s11	1.899	0.035
50	40	single	7s11	1.899	0.035
50	ALL	-	7s11	1.899	0.035
100	5	complete	7s11	4.877	-2.943
100	5	average	7s11	4.530	-2.596
100	5	single	7s11	4.530	-2.596
100	10	complete	7s11	3.772	-1.838
100	10	average	7s11	3.904	-1.970
100	10	single	7s11	1.899	0.035
100	15	complete	7s11	1.899	0.035
100	15	average	7s11	1.899	0.035
100	15	single	7s11	1.899	0.035
100	20	complete	7s11	1.899	0.035
100	20	average	7s11	1.899	0.035
100	20	single	7s11	1.899	0.035
100	30	complete	7s11	1.899	0.035
100	30	average	7s11	1.899	0.035
100	30	single	7s11	1.899	0.035
100	40	complete	7s11	1.899	0.035
100	40	average	7s11	1.899	0.035
100	40	single	7s11	1.899	0.035
100	ALL	-	7s11	1.899	0.035
200	5	complete	7s11	4.530	-2.596
200	5	average	7s11	4.530	-2.596
200	5	single	7s11	4.530	-2.596
200	10	complete	7s11	4.011	-2.077
200	10	average	7s11	4.499	-2.565
200	10	single	7s11	4.530	-2.596
200	15	complete	7s11	2.960	-1.026
200	15	average	7s11	4.310	-2.376
200	15	single	7s11	4.362	-2.428
200	20	complete	7s11	2.960	-1.026
200	20	average	7s11	2.960	-1.026
200	20	single	7s11	3.045	-1.111
200	30	complete	7s11	2.844	-0.910
200	30	average	7s11	2.960	-1.026
200	30	single	7s11	3.045	-1.111
200	40	complete	7s11	2.844	-0.910
200	40	average	7s11	1.899	0.035
200	40	single	7s11	3.045	-1.111
200	ALL	-	7s11	1.899	0.035
500	5	complete	7s11	4.312	-2.378
500	5	average	7s11	4.530	-2.596
500	5	single	7s11	4.530	-2.596
500	10	complete	7s11	4.486	-2.552
500	10	average	7s11	4.530	-2.596
500	10	single	7s11	3.921	-1.987
500	15	complete	7s11	2.760	-0.826
500	15	average	7s11	3.921	-1.987
500	15	single	7s11	3.921	-1.987
500	20	complete	7s11	2.628	-0.694
500	20	average	7s11	3.921	-1.987
500	20	single	7s11	3.921	-1.987
500	30	complete	7s11	2.628	-0.694
500	30	average	7s11	2.760	-0.826
500	30	single	7s11	3.921	-1.987
500	40	complete	7s11	2.628	-0.694
500	40	average	7s11	2.760	-0.826
500	40	single	7s11	3.045	-1.111
500	ALL	-	7s11	1.899	0.035
1000	5	complete	7s11	4.330	-2.396
1000	5	average	7s11	4.530	-2.596
1000	5	single	7s11	4.530	-2.596
1000	10	complete	7s11	4.330	-2.396
1000	10	average	7s11	4.409	-2.475
1000	10	single	7s11	3.921	-1.987
1000	15	complete	7s11	2.575	-0.641
1000	15	average	7s11	4.330	-2.396
1000	15	single	7s11	3.921	-1.987
1000	20	complete	7s11	2.575	-0.641
1000	20	average	7s11	3.921	-1.987
1000	20	single	7s11	3.921	-1.987
1000	30	complete	7s11	2.575	-0.641
1000	30	average	7s11	2.760	-0.826
1000	30	single	7s11	3.921	-1.987
1000	40	complete	7s11	2.347	-0.413
1000	40	average	7s11	2.760	-0.826
1000	40	single	7s11	3.921	-1.987
1000	ALL	-	7s11	1.744	0.190
